Taiwan Daily Report by NCHC,,,,,,,,,,,,,,,,,
ID,location,iso_code,date,total_vaccinations,people_vaccinated,people_fully_vaccinated,total_boosters,daily_vaccinations_raw,daily_vaccinations,total_vaccinations_per_hundred,people_vaccinated_per_hundred,people_fully_vaccinated_per_hundred,total_boosters_per_hundred,daily_vaccinations_per_million,daily_people_vaccinated,daily_people_vaccinated_per_hundred,manufacturer
"101,454",World,OWID_WRL,2022-05-18,"2,147,483,647","2,147,483,647","2,147,483,647","1,936,505,513",0,0.00,149.13,65.66,59.72,24.59,0.00,0,0.00,
"101,453",World,OWID_WRL,2022-05-17,"2,147,483,647","2,147,483,647","2,147,483,647","1,934,306,420",0,0.00,149.05,65.65,59.69,24.56,0.00,0,0.00,
"101,452",World,OWID_WRL,2022-05-16,"2,147,483,647","2,147,483,647","2,147,483,647","1,933,146,745",0,0.00,148.99,65.65,59.68,24.55,0.00,0,0.00,
"101,451",World,OWID_WRL,2022-05-15,"2,147,483,647","2,147,483,647","2,147,483,647","1,926,705,143",0,0.00,148.88,65.63,59.67,24.47,0.00,0,0.00,
"101,450",World,OWID_WRL,2022-05-14,"2,147,483,647","2,147,483,647","2,147,483,647","1,914,927,536",0,0.00,148.56,65.57,59.60,24.32,0.00,0,0.00,
"101,449",World,OWID_WRL,2022-05-13,"2,147,483,647","2,147,483,647","2,147,483,647","1,914,026,368",0,0.00,148.50,65.56,59.58,24.31,0.00,0,0.00,
"101,448",World,OWID_WRL,2022-05-12,"2,147,483,647","2,147,483,647","2,147,483,647","1,912,330,025","8,065,356","7,243,563.00",148.43,65.56,59.56,24.28,920.00,"1,239,816",0.02,
"101,447",World,OWID_WRL,2022-05-11,"2,147,483,647","2,147,483,647","2,147,483,647","1,903,675,222","8,853,430","7,121,870.00",148.34,65.53,59.51,24.17,904.00,"1,270,932",0.02,
"101,446",World,OWID_WRL,2022-05-10,"2,147,483,647","2,147,483,647","2,147,483,647","1,900,501,663","7,390,761","6,872,935.00",148.23,65.52,59.48,24.13,873.00,"1,288,809",0.02,
"101,445",World,OWID_WRL,2022-05-09,"2,147,483,647","2,147,483,647","2,147,483,647","1,897,724,467","6,518,273","6,803,615.00",148.13,65.51,59.45,24.10,864.00,"1,324,209",0.02,
"101,444",World,OWID_WRL,2022-05-08,"2,147,483,647","2,147,483,647","2,147,483,647","1,895,172,836","5,991,849","6,708,093.00",148.06,65.50,59.43,24.07,852.00,"1,368,738",0.02,
"101,443",World,OWID_WRL,2022-05-07,"2,147,483,647","2,147,483,647","2,147,483,647","1,894,197,459","6,820,615","6,860,291.00",147.96,65.42,59.38,24.05,871.00,"1,371,299",0.02,
"101,442",World,OWID_WRL,2022-05-06,"2,147,483,647","2,147,483,647","2,147,483,647","1,893,250,396","8,330,349","7,147,335.00",147.89,65.41,59.35,24.04,908.00,"1,398,426",0.02,
"101,441",World,OWID_WRL,2022-05-05,"2,147,483,647","2,147,483,647","2,147,483,647","1,887,062,448","7,202,343","7,689,372.00",147.75,65.39,59.32,23.96,976.00,"1,478,677",0.02,
"101,440",World,OWID_WRL,2022-05-04,"2,147,483,647","2,147,483,647","2,147,483,647","1,878,233,815","6,371,874","8,173,662.00",147.67,65.37,59.28,23.85,"1,038.00","1,542,258",0.02,
"101,439",World,OWID_WRL,2022-05-03,"2,147,483,647","2,147,483,647","2,147,483,647","1,876,385,525","6,980,700","9,097,575.00",147.62,65.36,59.26,23.83,"1,155.00","1,633,710",0.02,
"101,438",World,OWID_WRL,2022-05-02,"2,147,483,647","2,147,483,647","2,147,483,647","1,874,706,009","5,757,880","9,612,047.00",147.55,65.35,59.24,23.81,"1,221.00","1,706,650",0.02,
"101,437",World,OWID_WRL,2022-05-01,"2,147,483,647","2,147,483,647","2,147,483,647","1,873,355,885","7,988,876","10,709,269.00",147.49,65.35,59.23,23.79,"1,360.00","1,821,099",0.02,
"101,436",World,OWID_WRL,2022-04-30,"2,147,483,647","2,147,483,647","2,147,483,647","1,870,337,206","8,991,963","10,677,534.00",147.27,65.27,59.17,23.75,"1,356.00","1,871,148",0.02,
"101,435",World,OWID_WRL,2022-04-29,"2,147,483,647","2,147,483,647","2,147,483,647","1,869,284,919","12,919,502","10,673,638.00",147.19,65.26,59.14,23.74,"1,355.00","1,915,114",0.02,
"101,434",World,OWID_WRL,2022-04-28,"2,147,483,647","2,147,483,647","2,147,483,647","1,866,266,950","11,387,288","10,336,641.00",147.06,65.24,59.10,23.70,"1,313.00","1,899,724",0.02,
"101,433",World,OWID_WRL,2022-04-27,"2,147,483,647","2,147,483,647","2,147,483,647","1,862,040,422","13,630,287","10,343,599.00",146.95,65.22,59.06,23.65,"1,313.00","1,920,190",0.02,
"101,432",World,OWID_WRL,2022-04-26,"2,147,483,647","2,147,483,647","2,147,483,647","1,842,270,189","10,944,376","9,845,034.00",146.82,65.18,59.00,23.39,"1,250.00","1,923,105",0.02,
"101,431",World,OWID_WRL,2022-04-25,"2,147,483,647","2,147,483,647","2,147,483,647","1,837,985,371","9,202,731","10,008,049.00",146.57,65.05,58.91,23.34,"1,271.00","1,946,084",0.03,
"101,430",World,OWID_WRL,2022-04-24,"2,147,483,647","2,147,483,647","2,147,483,647","1,834,698,989","7,938,700","10,120,026.00",146.46,65.03,58.88,23.30,"1,285.00","1,950,249",0.03,
"101,429",World,OWID_WRL,2022-04-23,"2,147,483,647","2,147,483,647","2,147,483,647","1,831,016,353","9,137,099","9,976,737.00",146.32,65.01,58.84,23.25,"1,267.00","1,902,121",0.02,
"101,428",World,OWID_WRL,2022-04-22,"2,147,483,647","2,147,483,647","2,147,483,647","1,829,139,820","10,734,178","9,757,971.00",146.23,64.99,58.82,23.23,"1,239.00","1,846,345",0.02,
"101,427",World,OWID_WRL,2022-04-21,"2,147,483,647","2,147,483,647","2,147,483,647","1,826,991,451","11,603,952","9,359,942.00",146.13,64.98,58.79,23.20,"1,189.00","1,758,695",0.02,
"101,426",World,OWID_WRL,2022-04-20,"2,147,483,647","2,147,483,647","2,147,483,647","1,822,712,144","9,990,786","9,169,282.00",145.99,64.97,58.77,23.15,"1,164.00","1,756,449",0.02,
"101,425",World,OWID_WRL,2022-04-19,"2,147,483,647","2,147,483,647","2,147,483,647","1,777,136,360","12,192,638","9,159,786.00",145.89,64.96,58.75,22.57,"1,163.00","1,762,261",0.02,
"101,424",World,OWID_WRL,2022-04-18,"2,147,483,647","2,147,483,647","2,147,483,647","1,773,458,754","9,243,537","9,030,501.00",145.75,64.94,58.71,22.52,"1,147.00","1,790,198",0.02,
"101,423",World,OWID_WRL,2022-04-17,"2,147,483,647","2,147,483,647","2,147,483,647","1,756,410,890","6,936,942","9,200,453.00",145.61,64.90,58.65,22.30,"1,168.00","1,814,885",0.02,
"101,422",World,OWID_WRL,2022-04-16,"2,147,483,647","2,147,483,647","2,147,483,647","1,751,150,664","7,606,985","9,365,584.00",145.47,64.88,58.63,22.24,"1,189.00","1,864,847",0.02,
"101,421",World,OWID_WRL,2022-04-15,"2,147,483,647","2,147,483,647","2,147,483,647","1,750,741,736","7,948,873","9,730,742.00",145.43,64.88,58.62,22.23,"1,236.00","1,998,362",0.03,
"101,420",World,OWID_WRL,2022-04-14,"2,147,483,647","2,147,483,647","2,147,483,647","1,749,777,987","10,270,576","10,286,349.00",145.37,64.87,58.61,22.22,"1,306.00","2,147,714",0.03,
"101,419",World,OWID_WRL,2022-04-13,"2,147,483,647","2,147,483,647","2,147,483,647","1,741,901,763","9,925,490","10,574,541.00",145.26,64.86,58.59,22.12,"1,343.00","2,236,789",0.03,
"101,418",World,OWID_WRL,2022-04-12,"2,147,483,647","2,147,483,647","2,147,483,647","1,739,110,689","11,285,106","10,899,783.00",145.12,64.85,58.57,22.08,"1,384.00","2,418,619",0.03,
"101,417",World,OWID_WRL,2022-04-11,"2,147,483,647","2,147,483,647","2,147,483,647","1,735,889,194","10,429,503","11,113,069.00",144.97,64.82,58.52,22.04,"1,411.00","2,436,784",0.03,
"101,416",World,OWID_WRL,2022-04-10,"2,147,483,647","2,147,483,647","2,147,483,647","1,718,867,039","8,093,144","11,103,625.00",144.84,64.78,58.48,21.83,"1,410.00","2,508,189",0.03,
"101,415",World,OWID_WRL,2022-04-09,"2,147,483,647","2,147,483,647","2,147,483,647","1,715,386,163","10,163,395","11,391,231.00",144.63,64.74,58.37,21.78,"1,447.00","2,574,905",0.03,
"101,414",World,OWID_WRL,2022-04-08,"2,147,483,647","2,147,483,647","2,147,483,647","1,713,543,953","11,838,409","11,503,417.00",144.52,64.70,58.33,21.76,"1,461.00","2,570,393",0.03,
"101,413",World,OWID_WRL,2022-04-07,"2,147,483,647","2,147,483,647","2,147,483,647","1,710,728,634","12,288,207","11,600,879.00",144.40,64.69,58.30,21.72,"1,473.00","2,626,460",0.03,
"101,412",World,OWID_WRL,2022-04-06,"2,147,483,647","2,147,483,647","2,147,483,647","1,707,509,474","12,203,300","12,221,792.00",144.24,64.65,58.23,21.68,"1,552.00","2,827,737",0.04,
"101,411",World,OWID_WRL,2022-04-05,"2,147,483,647","2,147,483,647","2,147,483,647","1,704,621,030","12,777,219","13,475,953.00",144.12,64.63,58.20,21.65,"1,711.00","3,032,476",0.04,
"101,410",World,OWID_WRL,2022-04-04,"2,147,483,647","2,147,483,647","2,147,483,647","1,689,599,889","10,365,755","14,631,724.00",143.98,64.59,58.16,21.46,"1,858.00","3,138,920",0.04,
"101,409",World,OWID_WRL,2022-04-03,"2,147,483,647","2,147,483,647","2,147,483,647","1,685,146,617","10,108,612","16,154,234.00",143.79,64.56,58.12,21.40,"2,051.00","3,239,744",0.04,
"101,408",World,OWID_WRL,2022-04-02,"2,147,483,647","2,147,483,647","2,147,483,647","1,680,987,525","10,950,989","16,520,262.00",143.64,64.55,58.06,21.35,"2,098.00","3,252,980",0.04,
"101,407",World,OWID_WRL,2022-04-01,"2,147,483,647","2,147,483,647","2,147,483,647","1,680,215,745","12,522,923","17,191,214.00",143.57,64.53,58.05,21.34,"2,183.00","3,550,264",0.05,
"101,406",World,OWID_WRL,2022-03-31,"2,147,483,647","2,147,483,647","2,147,483,647","1,678,707,793","16,631,143","17,520,310.00",143.48,64.51,58.03,21.32,"2,225.00","3,622,433",0.05,
"101,405",World,OWID_WRL,2022-03-30,"2,147,483,647","2,147,483,647","2,147,483,647","1,649,369,184","20,983,691","17,581,879.00",143.04,64.39,57.79,20.94,"2,233.00","3,687,800",0.05,
"101,404",World,OWID_WRL,2022-03-29,"2,147,483,647","2,147,483,647","2,147,483,647","1,645,217,801","20,859,152","17,261,200.00",142.81,64.35,57.71,20.89,"2,192.00","3,763,256",0.05,
"101,403",World,OWID_WRL,2022-03-28,"2,147,483,647","2,147,483,647","2,147,483,647","1,639,343,353","21,023,371","16,938,903.00",142.54,64.31,57.62,20.82,"2,151.00","3,825,208",0.05,
"101,402",World,OWID_WRL,2022-03-27,"2,147,483,647","2,147,483,647","2,147,483,647","1,634,285,985","12,670,928","16,020,115.00",142.27,64.29,57.51,20.75,"2,034.00","3,887,957",0.05,
"101,401",World,OWID_WRL,2022-03-26,"2,147,483,647","2,147,483,647","2,147,483,647","1,628,780,853","15,647,581","15,818,862.00",142.07,64.25,57.45,20.68,"2,009.00","3,849,604",0.05,
"101,400",World,OWID_WRL,2022-03-25,"2,147,483,647","2,147,483,647","2,147,483,647","1,627,410,610","14,826,637","15,292,079.00",141.92,64.21,57.41,20.67,"1,942.00","3,543,660",0.05,
"101,399",World,OWID_WRL,2022-03-24,"2,147,483,647","2,147,483,647","2,147,483,647","1,624,909,333","17,062,288","15,287,295.00",141.79,64.17,57.38,20.63,"1,941.00","3,482,064",0.04,
"101,398",World,OWID_WRL,2022-03-23,"2,147,483,647","2,147,483,647","2,147,483,647","1,608,635,735","18,738,516","15,233,664.00",141.56,64.11,57.33,20.43,"1,934.00","3,260,263",0.04,
"101,397",World,OWID_WRL,2022-03-22,"2,147,483,647","2,147,483,647","2,147,483,647","1,604,227,459","18,603,114","15,031,113.00",141.34,64.05,57.27,20.37,"1,909.00","2,903,294",0.04,
"101,396",World,OWID_WRL,2022-03-21,"2,147,483,647","2,147,483,647","2,147,483,647","1,597,984,625","14,591,913","14,758,544.00",141.13,64.02,57.23,20.29,"1,874.00","2,729,746",0.04,
"101,395",World,OWID_WRL,2022-03-20,"2,147,483,647","2,147,483,647","2,147,483,647","1,582,748,825","11,262,183","14,949,249.00",140.95,63.97,57.17,20.10,"1,898.00","2,559,519",0.03,
"101,394",World,OWID_WRL,2022-03-19,"2,147,483,647","2,147,483,647","2,147,483,647","1,580,515,080","11,959,961","15,024,221.00",140.82,63.95,57.14,20.07,"1,908.00","2,594,920",0.03,
"101,393",World,OWID_WRL,2022-03-18,"2,147,483,647","2,147,483,647","2,147,483,647","1,579,010,812","14,793,077","15,366,171.00",140.70,63.93,57.12,20.05,"1,951.00","2,644,736",0.03,
"101,392",World,OWID_WRL,2022-03-17,"2,147,483,647","2,147,483,647","2,147,483,647","1,570,390,586","16,686,887","15,831,374.00",140.50,63.88,57.06,19.94,"2,010.00","2,747,176",0.04,
"101,391",World,OWID_WRL,2022-03-16,"2,147,483,647","2,147,483,647","2,147,483,647","1,476,555,062","17,320,671","16,043,213.00",140.31,63.83,57.02,18.75,"2,037.00","2,803,098",0.04,
"101,390",World,OWID_WRL,2022-03-15,"2,147,483,647","2,147,483,647","2,147,483,647","1,472,093,886","16,695,111","16,030,446.00",140.11,63.81,56.97,18.69,"2,036.00","2,810,610",0.04,
"101,389",World,OWID_WRL,2022-03-14,"2,147,483,647","2,147,483,647","2,147,483,647","1,467,927,741","15,926,874","15,955,526.00",139.89,63.76,56.90,18.64,"2,026.00","2,856,370",0.04,
"101,388",World,OWID_WRL,2022-03-13,"2,147,483,647","2,147,483,647","2,147,483,647","1,464,064,224","11,786,963","16,013,404.00",139.71,63.70,56.74,18.59,"2,033.00","2,897,278",0.04,
"101,387",World,OWID_WRL,2022-03-12,"2,147,483,647","2,147,483,647","2,147,483,647","1,457,366,442","14,353,637","16,034,080.00",139.52,63.66,56.66,18.51,"2,036.00","2,893,722",0.04,
"101,386",World,OWID_WRL,2022-03-11,"2,147,483,647","2,147,483,647","2,147,483,647","1,454,217,823","18,049,519","16,421,039.00",139.35,63.64,56.62,18.47,"2,085.00","2,925,085",0.04,
"101,385",World,OWID_WRL,2022-03-10,"2,147,483,647","2,147,483,647","2,147,483,647","1,451,386,793","18,169,779","16,596,090.00",139.17,63.61,56.56,18.43,"2,107.00","3,016,670",0.04,
"101,384",World,OWID_WRL,2022-03-09,"2,147,483,647","2,147,483,647","2,147,483,647","1,446,545,770","17,231,378","16,725,481.00",138.95,63.57,56.48,18.37,"2,124.00","2,961,085",0.04,
"101,383",World,OWID_WRL,2022-03-08,"2,147,483,647","2,147,483,647","2,147,483,647","1,441,950,287","16,170,640","17,099,235.00",138.73,63.54,56.41,18.31,"2,171.00","3,060,270",0.04,
"101,382",World,OWID_WRL,2022-03-07,"2,147,483,647","2,147,483,647","2,147,483,647","1,437,779,646","16,331,933","17,007,137.00",138.53,63.50,56.34,18.26,"2,160.00","3,034,027",0.04,
"101,381",World,OWID_WRL,2022-03-06,"2,147,483,647","2,147,483,647","2,147,483,647","1,433,209,659","11,950,784","18,037,885.00",138.33,63.48,56.29,18.20,"2,291.00","3,548,402",0.05,
"101,380",World,OWID_WRL,2022-03-05,"2,147,483,647","2,147,483,647","2,147,483,647","1,427,317,696","17,081,448","18,698,333.00",137.98,63.38,55.94,18.12,"2,374.00","3,967,986",0.05,
"101,379",World,OWID_WRL,2022-03-04,"2,147,483,647","2,147,483,647","2,147,483,647","1,423,415,843","19,293,988","19,321,466.00",137.72,63.33,55.86,18.08,"2,454.00","4,466,106",0.06,
"101,378",World,OWID_WRL,2022-03-03,"2,147,483,647","2,147,483,647","2,147,483,647","1,419,359,074","19,107,133","20,265,522.00",137.52,63.30,55.80,18.02,"2,573.00","4,865,782",0.06,
"101,377",World,OWID_WRL,2022-03-02,"2,147,483,647","2,147,483,647","2,147,483,647","1,415,260,558","19,882,000","21,346,974.00",137.33,63.28,55.73,17.97,"2,711.00","5,427,522",0.07,
"101,376",World,OWID_WRL,2022-03-01,"2,147,483,647","2,147,483,647","2,147,483,647","1,409,867,243","15,551,639","22,061,214.00",137.10,63.25,55.70,17.90,"2,801.00","5,972,224",0.08,
"101,375",World,OWID_WRL,2022-02-28,"2,147,483,647","2,147,483,647","2,147,483,647","1,407,867,655","23,440,919","23,114,268.00",136.94,63.23,55.66,17.88,"2,935.00","6,256,516",0.08,
"101,374",World,OWID_WRL,2022-02-27,"2,147,483,647","2,147,483,647","2,147,483,647","1,400,841,633","16,585,115","22,808,479.00",136.33,62.93,55.52,17.79,"2,896.00","6,017,933",0.08,
"101,373",World,OWID_WRL,2022-02-26,"2,147,483,647","2,147,483,647","2,147,483,647","1,397,011,884","21,467,919","22,698,736.00",136.14,62.88,55.48,17.74,"2,882.00","5,817,433",0.07,
"101,372",World,OWID_WRL,2022-02-25,"2,147,483,647","2,147,483,647","2,147,483,647","1,395,050,197","25,854,840","23,186,161.00",135.95,62.85,55.42,17.72,"2,944.00","5,804,712",0.07,
"101,371",World,OWID_WRL,2022-02-24,"2,147,483,647","2,147,483,647","2,147,483,647","1,295,333,639","26,687,669","23,295,212.00",135.71,62.79,55.33,16.45,"2,958.00","5,712,575",0.07,
"101,370",World,OWID_WRL,2022-02-23,"2,147,483,647","2,147,483,647","2,147,483,647","1,286,873,039","24,891,982","23,633,457.00",135.39,62.59,55.26,16.34,"3,001.00","5,511,750",0.07,
"101,369",World,OWID_WRL,2022-02-22,"2,147,483,647","2,147,483,647","2,147,483,647","1,282,646,565","22,985,981","23,680,268.00",135.15,62.56,55.20,16.29,"3,007.00","5,220,679",0.07,
"101,368",World,OWID_WRL,2022-02-21,"2,147,483,647","2,147,483,647","2,147,483,647","1,278,500,823","21,185,942","23,999,573.00",134.88,62.50,55.11,16.24,"3,048.00","5,374,447",0.07,
"101,367",World,OWID_WRL,2022-02-20,"2,147,483,647","2,147,483,647","2,147,483,647","1,272,713,494","15,816,953","24,195,854.00",134.52,62.39,55.01,16.16,"3,073.00","5,450,352",0.07,
"101,366",World,OWID_WRL,2022-02-19,"2,147,483,647","2,147,483,647","2,147,483,647","1,268,369,026","24,879,750","24,915,916.00",134.27,62.34,54.95,16.11,"3,164.00","5,566,148",0.07,
"101,365",World,OWID_WRL,2022-02-18,"2,147,483,647","2,147,483,647","2,147,483,647","1,259,993,472","26,618,237","24,506,914.00",133.91,62.22,54.83,16.00,"3,112.00","5,317,760",0.07,
"101,364",World,OWID_WRL,2022-02-17,"2,147,483,647","2,147,483,647","2,147,483,647","1,253,616,706","29,055,358","25,476,860.00",133.35,62.07,54.52,15.92,"3,235.00","5,437,593",0.07,
"101,363",World,OWID_WRL,2022-02-16,"2,147,483,647","2,147,483,647","2,147,483,647","1,240,174,547","25,219,785","24,703,860.00",133.04,62.03,54.43,15.75,"3,137.00","5,323,932",0.07,
"101,362",World,OWID_WRL,2022-02-15,"2,147,483,647","2,147,483,647","2,147,483,647","1,234,555,749","25,221,130","25,453,819.00",132.75,61.98,54.36,15.68,"3,232.00","5,415,536",0.07,
"101,361",World,OWID_WRL,2022-02-14,"2,147,483,647","2,147,483,647","2,147,483,647","1,228,933,159","22,559,943","25,780,046.00",132.48,61.91,54.23,15.61,"3,274.00","5,438,241",0.07,
"101,360",World,OWID_WRL,2022-02-13,"2,147,483,647","2,147,483,647","2,147,483,647","1,222,880,856","20,857,374","25,320,455.00",132.20,61.87,54.17,15.53,"3,215.00","5,349,176",0.07,
"101,359",World,OWID_WRL,2022-02-12,"2,147,483,647","2,147,483,647","2,147,483,647","1,216,083,815","22,016,530","24,798,447.00",131.84,61.78,54.05,15.44,"3,149.00","5,322,673",0.07,
"101,358",World,OWID_WRL,2022-02-11,"2,147,483,647","2,147,483,647","2,147,483,647","1,212,187,063","33,407,904","24,773,767.00",131.62,61.74,53.99,15.39,"3,146.00","5,502,854",0.07,
"101,357",World,OWID_WRL,2022-02-10,"2,147,483,647","2,147,483,647","2,147,483,647","1,205,254,549","23,644,360","23,327,336.00",131.25,61.68,53.85,15.30,"2,962.00","5,419,891",0.07,
"101,356",World,OWID_WRL,2022-02-09,"2,147,483,647","2,147,483,647","2,147,483,647","1,170,553,583","30,469,524","23,047,161.00",130.97,61.63,53.76,14.86,"2,927.00","5,521,907",0.07,
"101,355",World,OWID_WRL,2022-02-08,"2,147,483,647","2,147,483,647","2,147,483,647","1,163,873,041","27,504,701","21,876,364.00",130.61,61.56,53.66,14.78,"2,778.00","5,507,822",0.07,
"101,354",World,OWID_WRL,2022-02-07,"2,147,483,647","2,147,483,647","2,147,483,647","1,157,899,710","19,342,815","20,943,767.00",130.28,61.51,53.54,14.70,"2,660.00","5,468,031",0.07,
"101,353",World,OWID_WRL,2022-02-06,"2,147,483,647","2,147,483,647","2,147,483,647","1,023,344,404","17,203,291","21,319,807.00",130.01,61.43,53.48,12.99,"2,707.00","5,673,442",0.07,
"101,352",World,OWID_WRL,2022-02-05,"2,147,483,647","2,147,483,647","2,147,483,647","1,012,981,569","21,843,792","21,675,736.00",129.14,61.36,53.39,12.86,"2,752.00","5,731,603",0.07,
"101,351",World,OWID_WRL,2022-02-04,"2,147,483,647","2,147,483,647","2,147,483,647","1,008,250,816","23,282,898","21,593,583.00",128.96,61.31,53.30,12.80,"2,742.00","5,606,424",0.07,
"101,350",World,OWID_WRL,2022-02-03,"2,147,483,647","2,147,483,647","2,147,483,647","1,001,878,872","21,683,145","22,220,802.00",128.68,61.24,53.17,12.72,"2,822.00","5,567,880",0.07,
"101,349",World,OWID_WRL,2022-02-02,"2,147,483,647","2,147,483,647","2,147,483,647","995,880,688","22,273,905","23,019,955.00",128.48,61.19,53.10,12.65,"2,923.00","5,471,804",0.07,
"101,348",World,OWID_WRL,2022-02-01,"2,147,483,647","2,147,483,647","2,147,483,647","989,801,093","20,976,551","23,924,191.00",128.23,61.12,53.00,12.57,"3,038.00","5,558,139",0.07,
"101,347",World,OWID_WRL,2022-01-31,"2,147,483,647","2,147,483,647","2,147,483,647","983,573,011","21,975,084","25,077,849.00",127.99,61.06,52.89,12.49,"3,185.00","5,655,786",0.07,
"101,346",World,OWID_WRL,2022-01-30,"2,147,483,647","2,147,483,647","2,147,483,647","977,005,431","19,694,769","25,269,143.00",127.73,61.00,52.79,12.41,"3,209.00","5,374,597",0.07,
"101,345",World,OWID_WRL,2022-01-29,"2,147,483,647","2,147,483,647","2,147,483,647","972,219,026","21,273,036","25,345,794.00",127.49,60.94,52.69,12.35,"3,219.00","5,351,522",0.07,
"101,344",World,OWID_WRL,2022-01-28,"2,147,483,647","2,147,483,647","2,147,483,647","967,975,012","27,677,771","26,085,250.00",127.27,60.89,52.62,12.29,"3,312.00","5,596,234",0.07,
"101,343",World,OWID_WRL,2022-01-27,"2,147,483,647","2,147,483,647","2,147,483,647","959,324,458","27,281,543","26,608,035.00",126.89,60.78,52.47,12.18,"3,379.00","5,876,447",0.08,
"101,342",World,OWID_WRL,2022-01-26,"2,147,483,647","2,147,483,647","2,147,483,647","950,214,178","28,607,888","27,247,653.00",126.60,60.73,52.38,12.07,"3,460.00","6,363,177",0.08,
"101,341",World,OWID_WRL,2022-01-25,"2,147,483,647","2,147,483,647","2,147,483,647","942,410,036","29,056,464","28,998,244.00",126.26,60.66,52.29,11.97,"3,682.00","7,152,657",0.09,
"101,340",World,OWID_WRL,2022-01-24,"2,147,483,647","2,147,483,647","2,147,483,647","934,964,748","23,318,429","28,328,669.00",125.95,60.60,52.20,11.87,"3,597.00","6,945,004",0.09,
"101,339",World,OWID_WRL,2022-01-23,"2,147,483,647","2,147,483,647","2,147,483,647","927,445,346","20,205,475","29,733,595.00",125.64,60.54,52.12,11.78,"3,776.00","7,613,371",0.10,
"101,338",World,OWID_WRL,2022-01-22,"2,147,483,647","2,147,483,647","2,147,483,647","922,361,805","26,449,193","30,792,379.00",125.23,60.47,52.05,11.71,"3,910.00","8,084,289",0.10,
"101,337",World,OWID_WRL,2022-01-21,"2,147,483,647","2,147,483,647","2,147,483,647","916,721,971","31,337,261","31,518,632.00",124.95,60.38,51.96,11.64,"4,002.00","8,559,139",0.11,
"101,336",World,OWID_WRL,2022-01-20,"2,147,483,647","2,147,483,647","2,147,483,647","906,816,060","31,758,915","31,067,629.00",124.55,60.26,51.79,11.52,"3,945.00","8,337,370",0.11,
"101,335",World,OWID_WRL,2022-01-19,"2,147,483,647","2,147,483,647","2,147,483,647","898,268,246","40,861,985","31,761,872.00",124.20,60.18,51.68,11.41,"4,033.00","8,540,633",0.11,
"101,334",World,OWID_WRL,2022-01-18,"2,147,483,647","2,147,483,647","2,147,483,647","889,315,589","24,369,395","31,023,173.00",123.72,60.03,51.50,11.29,"3,939.00","8,180,487",0.10,
"101,333",World,OWID_WRL,2022-01-17,"2,147,483,647","2,147,483,647","2,147,483,647","881,142,089","33,152,922","33,561,265.00",123.42,59.97,51.44,11.19,"4,262.00","9,188,786",0.12,
"101,332",World,OWID_WRL,2022-01-16,"2,147,483,647","2,147,483,647","2,147,483,647","870,877,328","27,616,955","33,383,427.00",123.02,59.86,51.33,11.06,"4,239.00","9,011,632",0.11,
"101,331",World,OWID_WRL,2022-01-15,"2,147,483,647","2,147,483,647","2,147,483,647","863,273,938","31,532,970","33,535,204.00",122.65,59.76,51.23,10.96,"4,258.00","9,139,026",0.12,
"101,330",World,OWID_WRL,2022-01-14,"2,147,483,647","2,147,483,647","2,147,483,647","856,192,857","28,180,249","32,700,667.00",122.30,59.64,51.12,10.87,"4,152.00","8,523,476",0.11,
"101,329",World,OWID_WRL,2022-01-13,"2,147,483,647","2,147,483,647","2,147,483,647","846,191,722","36,618,573","34,803,256.00",121.98,59.54,51.00,10.75,"4,419.00","9,603,559",0.12,
"101,328",World,OWID_WRL,2022-01-12,"2,147,483,647","2,147,483,647","2,147,483,647","826,490,900","35,691,150","34,896,490.00",121.52,59.44,50.83,10.50,"4,431.00","9,775,021",0.12,
"101,327",World,OWID_WRL,2022-01-11,"2,147,483,647","2,147,483,647","2,147,483,647","817,509,232","42,136,058","35,210,107.00",121.10,59.31,50.73,10.38,"4,471.00","10,018,435",0.13,
"101,326",World,OWID_WRL,2022-01-10,"2,147,483,647","2,147,483,647","2,147,483,647","808,758,941","31,908,016","34,288,369.00",120.64,59.19,50.60,10.27,"4,354.00","9,726,435",0.12,
"101,325",World,OWID_WRL,2022-01-09,"2,147,483,647","2,147,483,647","2,147,483,647","800,456,403","28,679,408","34,215,157.00",119.89,58.90,50.31,10.16,"4,345.00","9,935,959",0.13,
"101,324",World,OWID_WRL,2022-01-08,"2,147,483,647","2,147,483,647","2,147,483,647","793,767,377","25,691,201","32,874,291.00",119.48,58.79,50.19,10.08,"4,175.00","9,728,708",0.12,
"101,323",World,OWID_WRL,2022-01-07,"2,147,483,647","2,147,483,647","2,147,483,647","786,451,693","42,898,352","32,189,107.00",119.18,58.73,50.13,9.99,"4,088.00","9,626,364",0.12,
"101,322",World,OWID_WRL,2022-01-06,"2,147,483,647","2,147,483,647","2,147,483,647","777,728,147","37,271,237","31,147,889.00",118.72,58.55,49.99,9.88,"3,955.00","8,649,325",0.11,
"101,321",World,OWID_WRL,2022-01-05,"2,147,483,647","2,147,483,647","2,147,483,647","559,501,224","37,886,467","31,070,138.00",118.27,58.42,49.82,7.10,"3,945.00","8,009,845",0.10,
"101,320",World,OWID_WRL,2022-01-04,"2,147,483,647","2,147,483,647","2,147,483,647","550,876,697","35,683,870","32,320,901.00",117.83,58.30,49.74,7.00,"4,104.00","7,681,661",0.10,
"101,319",World,OWID_WRL,2022-01-03,"2,147,483,647","2,147,483,647","2,147,483,647","543,101,452","31,395,582","33,330,890.00",117.35,58.14,49.61,6.90,"4,233.00","7,428,463",0.09,
"101,318",World,OWID_WRL,2022-01-02,"2,147,483,647","2,147,483,647","2,147,483,647","536,624,010","19,293,321","33,584,645.00",116.94,58.03,49.51,6.81,"4,265.00","7,091,346",0.09,
"101,317",World,OWID_WRL,2022-01-01,"2,147,483,647","2,147,483,647","2,147,483,647","533,888,522","20,894,929","34,089,999.00",116.71,57.94,49.47,6.78,"4,329.00","6,703,604",0.09,
"101,316",World,OWID_WRL,2021-12-31,"2,147,483,647","2,147,483,647","2,147,483,647","531,277,299","35,609,791","35,835,081.00",116.46,57.88,49.37,6.75,"4,551.00","7,041,494",0.09,
"101,315",World,OWID_WRL,2021-12-30,"2,147,483,647","2,147,483,647","2,147,483,647","527,073,455","36,726,971","35,710,546.00",116.05,57.80,49.24,6.69,"4,535.00","7,060,658",0.09,
"101,314",World,OWID_WRL,2021-12-29,"2,147,483,647","2,147,483,647","2,147,483,647","519,586,577","46,641,881","36,384,713.00",115.57,57.72,48.97,6.60,"4,620.00","7,344,638",0.09,
"101,313",World,OWID_WRL,2021-12-28,"2,147,483,647","2,147,483,647","2,147,483,647","511,126,052","42,753,767","35,234,328.00",115.07,57.64,48.83,6.49,"4,474.00","7,242,958",0.09,
"101,312",World,OWID_WRL,2021-12-27,"2,147,483,647","2,147,483,647","2,147,483,647","502,732,574","33,171,858","35,453,155.00",114.48,57.08,48.57,6.38,"4,502.00","7,427,754",0.09,
"101,311",World,OWID_WRL,2021-12-26,"2,147,483,647","2,147,483,647","2,147,483,647","495,323,485","22,830,759","36,724,793.00",114.06,57.00,48.48,6.29,"4,663.00","7,581,807",0.10,
"101,310",World,OWID_WRL,2021-12-25,"2,147,483,647","2,147,483,647","2,147,483,647","492,622,312","33,110,510","37,550,286.00",113.74,56.97,48.41,6.26,"4,768.00","7,817,972",0.10,
"101,309",World,OWID_WRL,2021-12-24,"2,147,483,647","2,147,483,647","2,147,483,647","490,024,595","34,738,123","38,437,246.00",113.38,56.92,48.18,6.22,"4,881.00","8,018,745",0.10,
"101,308",World,OWID_WRL,2021-12-23,"2,147,483,647","2,147,483,647","2,147,483,647","485,528,901","41,446,114","39,883,372.00",112.95,56.84,48.05,6.17,"5,065.00","8,394,113",0.11,
"101,307",World,OWID_WRL,2021-12-22,"2,147,483,647","2,147,483,647","2,147,483,647","477,689,229","38,589,159","39,479,911.00",112.41,56.74,47.93,6.07,"5,013.00","8,375,262",0.11,
"101,306",World,OWID_WRL,2021-12-21,"2,147,483,647","2,147,483,647","2,147,483,647","467,746,673","44,285,723","39,769,204.00",111.97,56.67,47.84,5.94,"5,050.00","8,523,344",0.11,
"101,305",World,OWID_WRL,2021-12-20,"2,147,483,647","2,147,483,647","2,147,483,647","456,382,689","42,073,488","39,524,389.00",111.48,56.59,47.71,5.80,"5,019.00","8,634,322",0.11,
"101,304",World,OWID_WRL,2021-12-19,"2,147,483,647","2,147,483,647","2,147,483,647","446,421,562","28,609,344","38,067,049.00",110.92,56.47,47.52,5.67,"4,834.00","8,611,137",0.11,
"101,303",World,OWID_WRL,2021-12-18,"2,147,483,647","2,147,483,647","2,147,483,647","439,396,390","39,319,394","37,821,683.00",110.48,56.40,47.32,5.58,"4,803.00","8,655,685",0.11,
"101,302",World,OWID_WRL,2021-12-17,"2,147,483,647","2,147,483,647","2,147,483,647","429,834,501","44,861,118","38,528,548.00",110.04,56.23,47.20,5.46,"4,893.00","8,936,697",0.11,
"101,301",World,OWID_WRL,2021-12-16,"2,147,483,647","2,147,483,647","2,147,483,647","419,706,433","38,622,130","37,187,187.00",109.48,56.13,46.74,5.33,"4,722.00","8,728,211",0.11,
"101,300",World,OWID_WRL,2021-12-15,"2,147,483,647","2,147,483,647","2,147,483,647","410,584,864","40,613,217","37,223,870.00",109.07,56.07,46.65,5.21,"4,727.00","8,931,117",0.11,
"101,299",World,OWID_WRL,2021-12-14,"2,147,483,647","2,147,483,647","2,147,483,647","401,212,937","42,572,062","36,418,612.00",108.57,55.98,46.50,5.09,"4,625.00","8,899,185",0.11,
"101,298",World,OWID_WRL,2021-12-13,"2,147,483,647","2,147,483,647","2,147,483,647","392,933,175","31,872,097","35,390,872.00",108.05,55.88,46.33,4.99,"4,494.00","8,776,603",0.11,
"101,297",World,OWID_WRL,2021-12-12,"2,147,483,647","2,147,483,647","2,147,483,647","386,188,458","26,891,753","35,065,794.00",107.68,55.83,46.22,4.90,"4,453.00","8,843,946",0.11,
"101,296",World,OWID_WRL,2021-12-11,"2,147,483,647","2,147,483,647","2,147,483,647","380,390,797","44,267,464","34,941,742.00",107.30,55.75,46.06,4.83,"4,437.00","8,892,900",0.11,
"101,295",World,OWID_WRL,2021-12-10,"2,147,483,647","2,147,483,647","2,147,483,647","375,077,905","35,471,582","34,137,383.00",106.73,55.61,45.85,4.76,"4,335.00","8,744,194",0.11,
"101,294",World,OWID_WRL,2021-12-09,"2,147,483,647","2,147,483,647","2,147,483,647","342,623,234","38,878,920","34,295,427.00",106.34,55.55,45.28,4.35,"4,355.00","8,929,165",0.11,
"101,293",World,OWID_WRL,2021-12-08,"2,147,483,647","2,147,483,647","2,147,483,647","334,897,258","34,976,381","34,486,568.00",105.84,55.42,45.08,4.25,"4,379.00","9,194,703",0.12,
"101,292",World,OWID_WRL,2021-12-07,"2,147,483,647","2,147,483,647","2,147,483,647","328,421,768","35,377,876","35,563,961.00",105.37,55.30,44.90,4.17,"4,516.00","9,718,770",0.12,
"101,291",World,OWID_WRL,2021-12-06,"2,147,483,647","2,147,483,647","2,147,483,647","322,477,361","29,596,576","36,238,204.00",104.98,55.23,44.78,4.09,"4,602.00","9,985,310",0.13,
"101,290",World,OWID_WRL,2021-12-05,"2,147,483,647","2,147,483,647","2,147,483,647","316,798,418","26,023,401","36,716,482.00",104.61,55.12,44.66,4.02,"4,662.00","10,238,887",0.13,
"101,289",World,OWID_WRL,2021-12-04,"2,147,483,647","2,147,483,647","2,147,483,647","313,948,016","38,636,906","37,554,677.00",104.21,55.03,44.53,3.99,"4,769.00","10,659,584",0.14,
"101,288",World,OWID_WRL,2021-12-03,"2,147,483,647","2,147,483,647","2,147,483,647","309,453,721","36,577,904","35,908,866.00",103.73,54.92,44.36,3.93,"4,560.00","10,344,505",0.13,
"101,287",World,OWID_WRL,2021-12-02,"2,147,483,647","2,147,483,647","2,147,483,647","270,700,439","40,216,930","36,444,737.00",103.31,54.84,44.06,3.44,"4,628.00","10,708,956",0.14,
"101,286",World,OWID_WRL,2021-12-01,"2,147,483,647","2,147,483,647","2,147,483,647","264,572,069","42,518,139","35,245,217.00",102.82,54.53,43.47,3.36,"4,476.00","10,436,046",0.13,
"101,285",World,OWID_WRL,2021-11-30,"2,147,483,647","2,147,483,647","2,147,483,647","258,295,749","40,097,526","34,467,389.00",102.28,54.40,43.31,3.28,"4,377.00","10,320,064",0.13,
"101,284",World,OWID_WRL,2021-11-29,"2,147,483,647","2,147,483,647","2,147,483,647","252,648,728","32,944,489","33,592,847.00",101.75,54.28,43.13,3.21,"4,266.00","10,251,363",0.13,
"101,283",World,OWID_WRL,2021-11-28,"2,147,483,647","2,147,483,647","2,147,483,647","248,459,555","31,890,807","33,173,971.00",101.32,54.14,42.57,3.16,"4,213.00","10,280,873",0.13,
"101,282",World,OWID_WRL,2021-11-27,"2,147,483,647","2,147,483,647","2,147,483,647","246,187,531","27,116,268","31,896,286.00",100.82,54.02,42.39,3.13,"4,050.00","9,984,711",0.13,
"101,281",World,OWID_WRL,2021-11-26,"2,147,483,647","2,147,483,647","2,147,483,647","242,750,443","40,335,033","32,958,013.00",100.45,53.94,42.29,3.08,"4,185.00","10,378,477",0.13,
"101,280",World,OWID_WRL,2021-11-25,"2,147,483,647","2,147,483,647","2,147,483,647","237,319,793","31,826,215","31,800,735.00",99.96,53.82,42.12,3.01,"4,038.00","10,255,917",0.13,
"101,279",World,OWID_WRL,2021-11-24,"2,147,483,647","2,147,483,647","2,147,483,647","233,155,862","37,079,481","31,830,966.00",99.62,53.74,42.02,2.96,"4,042.00","10,368,040",0.13,
"101,278",World,OWID_WRL,2021-11-23,"2,147,483,647","2,147,483,647","2,147,483,647","228,808,913","33,981,652","31,468,253.00",99.13,53.59,41.84,2.91,"3,996.00","10,355,074",0.13,
"101,277",World,OWID_WRL,2021-11-22,"2,147,483,647","2,147,483,647","2,147,483,647","224,438,208","30,018,403","31,032,003.00",98.73,53.49,41.71,2.85,"3,941.00","10,342,648",0.13,
"101,276",World,OWID_WRL,2021-11-21,"2,147,483,647","2,147,483,647","2,147,483,647","219,984,551","22,953,004","30,493,670.00",98.37,53.40,41.58,2.79,"3,872.00","10,251,805",0.13,
"101,275",World,OWID_WRL,2021-11-20,"2,147,483,647","2,147,483,647","2,147,483,647","217,915,665","34,512,262","30,509,412.00",98.02,53.32,41.45,2.77,"3,874.00","10,344,924",0.13,
"101,274",World,OWID_WRL,2021-11-19,"2,147,483,647","2,147,483,647","2,147,483,647","215,557,397","32,234,142","30,217,458.00",97.59,53.20,41.29,2.74,"3,837.00","10,385,031",0.13,
"101,273",World,OWID_WRL,2021-11-18,"2,147,483,647","2,147,483,647","2,147,483,647","194,409,581","32,037,825","30,984,267.00",97.16,51.51,41.14,2.47,"3,935.00","10,503,086",0.13,
"101,272",World,OWID_WRL,2021-11-17,"2,147,483,647","2,147,483,647","2,147,483,647","190,059,673","34,540,433","31,371,567.00",96.78,51.42,40.97,2.41,"3,984.00","10,711,764",0.14,
"101,271",World,OWID_WRL,2021-11-16,"2,147,483,647","2,147,483,647","2,147,483,647","185,919,754","30,927,986","31,779,234.00",96.36,51.32,40.82,2.36,"4,035.00","10,974,055",0.14,
"101,270",World,OWID_WRL,2021-11-15,"2,147,483,647","2,147,483,647","2,147,483,647","182,307,544","26,249,989","32,302,324.00",96.01,51.25,40.70,2.32,"4,102.00","11,272,606",0.14,
"101,269",World,OWID_WRL,2021-11-14,"2,147,483,647","2,147,483,647","2,147,483,647","179,305,826","23,063,297","32,972,190.00",95.68,51.17,40.60,2.28,"4,187.00","11,510,134",0.15,
"101,268",World,OWID_WRL,2021-11-13,"2,147,483,647","2,147,483,647","2,147,483,647","177,906,928","32,468,520","33,485,277.00",95.35,51.07,40.46,2.26,"4,252.00","11,732,540",0.15,
"101,267",World,OWID_WRL,2021-11-12,"2,147,483,647","2,147,483,647","2,147,483,647","175,767,122","37,601,796","32,761,809.00",94.92,50.96,40.30,2.23,"4,160.00","11,460,319",0.15,
"101,266",World,OWID_WRL,2021-11-11,"2,147,483,647","2,147,483,647","2,147,483,647","160,228,846","34,748,900","31,695,848.00",94.49,50.86,40.12,2.03,"4,025.00","11,161,757",0.14,
"101,265",World,OWID_WRL,2021-11-10,"2,147,483,647","2,147,483,647","2,147,483,647","156,674,687","37,394,158","31,384,141.00",94.06,50.65,39.96,1.99,"3,985.00","11,061,468",0.14,
"101,264",World,OWID_WRL,2021-11-09,"2,147,483,647","2,147,483,647","2,147,483,647","152,952,189","34,589,613","30,705,851.00",93.57,50.49,39.80,1.94,"3,899.00","10,826,002",0.14,
"101,263",World,OWID_WRL,2021-11-08,"2,147,483,647","2,147,483,647","2,147,483,647","149,327,908","30,939,071","29,394,247.00",93.14,50.38,39.66,1.90,"3,733.00","10,349,296",0.13,
"101,262",World,OWID_WRL,2021-11-07,"2,147,483,647","2,147,483,647","2,147,483,647","146,123,235","26,654,914","28,452,711.00",92.77,50.29,39.55,1.86,"3,613.00","10,230,806",0.13,
"101,261",World,OWID_WRL,2021-11-06,"2,147,483,647","2,147,483,647","2,147,483,647","144,909,926","27,404,228","27,866,282.00",92.41,50.19,39.44,1.84,"3,539.00","10,062,882",0.13,
"101,260",World,OWID_WRL,2021-11-05,"2,147,483,647","2,147,483,647","2,147,483,647","143,228,297","30,140,068","29,306,440.00",92.06,50.11,39.35,1.82,"3,721.00","10,966,240",0.14,
"101,259",World,OWID_WRL,2021-11-04,"2,147,483,647","2,147,483,647","2,147,483,647","101,690,785","32,566,901","30,091,781.00",91.63,49.98,39.18,1.29,"3,821.00","11,536,416",0.15,
"101,258",World,OWID_WRL,2021-11-03,"2,147,483,647","2,147,483,647","2,147,483,647","98,633,779","32,646,152","29,977,386.00",91.21,49.86,39.06,1.25,"3,807.00","11,723,814",0.15,
"101,257",World,OWID_WRL,2021-11-02,"2,147,483,647","2,147,483,647","2,147,483,647","95,282,336","25,408,369","29,600,730.00",90.84,49.77,38.94,1.21,"3,759.00","11,761,221",0.15,
"101,256",World,OWID_WRL,2021-11-01,"2,147,483,647","2,147,483,647","2,147,483,647","92,422,151","24,348,334","30,373,334.00",90.50,49.68,38.82,1.17,"3,857.00","12,252,952",0.16,
"101,255",World,OWID_WRL,2021-10-31,"2,147,483,647","2,147,483,647","2,147,483,647","90,531,390","22,549,912","30,097,160.00",90.18,49.58,38.70,1.15,"3,822.00","12,161,830",0.15,
"101,254",World,OWID_WRL,2021-10-30,"2,147,483,647","2,147,483,647","2,147,483,647","89,611,478","37,485,361","30,174,958.00",89.76,49.47,38.48,1.14,"3,832.00","12,463,556",0.16,
"101,253",World,OWID_WRL,2021-10-29,"2,147,483,647","2,147,483,647","2,147,483,647","87,938,618","35,637,440","27,961,547.00",89.35,49.33,38.32,1.12,"3,551.00","11,879,955",0.15,
"101,252",World,OWID_WRL,2021-10-28,"2,147,483,647","2,147,483,647","2,147,483,647","84,748,707","31,766,174","27,155,963.00",88.88,49.18,38.05,1.08,"3,448.00","11,808,136",0.15,
"101,251",World,OWID_WRL,2021-10-27,"2,147,483,647","2,147,483,647","2,147,483,647","81,679,901","30,009,501","26,354,354.00",88.49,49.04,37.89,1.04,"3,347.00","11,861,076",0.15,
"101,250",World,OWID_WRL,2021-10-26,"2,147,483,647","2,147,483,647","2,147,483,647","78,618,968","30,816,614","26,681,255.00",88.18,48.95,37.77,1.00,"3,388.00","12,487,034",0.16,
"101,249",World,OWID_WRL,2021-10-25,"2,147,483,647","2,147,483,647","2,147,483,647","75,824,161","22,415,080","26,734,608.00",87.84,48.82,37.62,0.96,"3,395.00","12,752,418",0.16,
"101,248",World,OWID_WRL,2021-10-24,"2,147,483,647","2,147,483,647","2,147,483,647","72,440,737","23,094,495","26,941,023.00",87.56,48.74,37.51,0.92,"3,421.00","13,146,973",0.17,
"101,247",World,OWID_WRL,2021-10-23,"2,147,483,647","2,147,483,647","2,147,483,647","71,545,857","21,991,549","26,422,993.00",87.26,48.64,37.36,0.91,"3,355.00","13,061,917",0.17,
"101,246",World,OWID_WRL,2021-10-22,"2,147,483,647","2,147,483,647","2,147,483,647","70,015,327","29,998,301","26,079,572.00",86.93,48.50,36.95,0.89,"3,312.00","12,949,665",0.16,
"101,245",World,OWID_WRL,2021-10-21,"2,147,483,647","2,147,483,647","2,147,483,647","67,557,790","26,154,932","25,380,201.00",86.58,48.37,36.80,0.86,"3,223.00","12,738,080",0.16,
"101,244",World,OWID_WRL,2021-10-20,"2,147,483,647","2,147,483,647","2,147,483,647","65,133,572","32,297,847","25,203,597.00",86.25,48.16,36.66,0.83,"3,200.00","12,666,362",0.16,
"101,243",World,OWID_WRL,2021-10-19,"2,147,483,647","2,147,483,647","2,147,483,647","63,218,637","31,189,967","24,189,838.00",85.79,47.95,36.49,0.80,"3,072.00","12,128,715",0.15,
"101,242",World,OWID_WRL,2021-10-18,"2,147,483,647","2,147,483,647","2,147,483,647","61,552,595","23,860,008","23,503,018.00",85.45,47.82,36.33,0.78,"2,985.00","11,948,016",0.15,
"101,241",World,OWID_WRL,2021-10-17,"2,147,483,647","2,147,483,647","2,147,483,647","59,963,923","19,468,157","22,989,222.00",85.06,47.67,36.15,0.76,"2,919.00","11,715,950",0.15,
"101,240",World,OWID_WRL,2021-10-16,"2,147,483,647","2,147,483,647","2,147,483,647","59,325,855","19,587,540","23,358,931.00",84.72,47.51,36.01,0.75,"2,966.00","11,930,996",0.15,
"101,239",World,OWID_WRL,2021-10-15,"2,147,483,647","2,147,483,647","2,147,483,647","58,270,606","25,102,572","24,076,720.00",84.54,47.44,35.94,0.74,"3,057.00","12,302,896",0.16,
"101,238",World,OWID_WRL,2021-10-14,"2,147,483,647","2,147,483,647","2,147,483,647","56,330,468","24,918,498","24,649,683.00",84.29,47.35,35.82,0.72,"3,130.00","12,590,563",0.16,
"101,237",World,OWID_WRL,2021-10-13,"2,147,483,647","2,147,483,647","2,147,483,647","54,652,373","25,202,122","24,703,970.00",84.00,47.22,35.70,0.69,"3,137.00","12,478,767",0.16,
"101,236",World,OWID_WRL,2021-10-12,"2,147,483,647","2,147,483,647","2,147,483,647","52,810,863","26,382,200","24,826,747.00",83.71,47.11,35.57,0.67,"3,153.00","12,539,483",0.16,
"101,235",World,OWID_WRL,2021-10-11,"2,147,483,647","2,147,483,647","2,147,483,647","51,468,999","20,263,509","25,101,051.00",83.41,46.99,35.44,0.65,"3,187.00","12,647,690",0.16,
"101,234",World,OWID_WRL,2021-10-10,"2,147,483,647","2,147,483,647","2,147,483,647","50,336,291","22,056,113","25,412,961.00",83.16,46.89,35.30,0.64,"3,227.00","12,833,667",0.16,
"101,233",World,OWID_WRL,2021-10-09,"2,147,483,647","2,147,483,647","2,147,483,647","49,819,474","24,612,074","24,886,282.00",82.78,46.72,35.13,0.63,"3,160.00","12,710,850",0.16,
"101,232",World,OWID_WRL,2021-10-08,"2,147,483,647","2,147,483,647","2,147,483,647","48,866,541","29,113,339","24,808,248.00",82.52,46.62,35.01,0.62,"3,150.00","12,858,244",0.16,
"101,231",World,OWID_WRL,2021-10-07,"2,147,483,647","2,147,483,647","2,147,483,647","47,183,790","25,298,461","24,500,211.00",82.13,46.44,34.82,0.60,"3,111.00","12,968,683",0.17,
"101,230",World,OWID_WRL,2021-10-06,"2,147,483,647","2,147,483,647","2,147,483,647","45,540,006","26,061,514","25,287,120.00",81.83,46.33,34.67,0.58,"3,211.00","13,506,626",0.17,
"101,229",World,OWID_WRL,2021-10-05,"2,147,483,647","2,147,483,647","2,147,483,647","43,917,032","28,302,301","26,669,611.00",81.53,46.20,34.53,0.56,"3,387.00","14,655,440",0.19,
"101,228",World,OWID_WRL,2021-10-04,"2,147,483,647","2,147,483,647","2,147,483,647","41,313,855","22,446,906","26,584,430.00",81.10,46.04,34.32,0.52,"3,376.00","14,627,232",0.19,
"101,227",World,OWID_WRL,2021-10-03,"2,147,483,647","2,147,483,647","2,147,483,647","40,052,463","18,369,368","28,359,140.00",80.81,45.92,34.17,0.51,"3,601.00","15,634,081",0.20,
"101,226",World,OWID_WRL,2021-10-02,"2,147,483,647","2,147,483,647","2,147,483,647","39,537,323","24,065,825","28,626,277.00",80.52,45.75,34.05,0.50,"3,635.00","15,650,978",0.20,
"101,225",World,OWID_WRL,2021-10-01,"2,147,483,647","2,147,483,647","2,147,483,647","38,781,764","26,957,096","28,518,241.00",80.26,45.63,33.94,0.49,"3,621.00","15,389,188",0.20,
"101,224",World,OWID_WRL,2021-09-30,"2,147,483,647","2,147,483,647","2,147,483,647","37,341,929","30,806,792","29,541,634.00",79.97,45.49,33.81,0.47,"3,751.00","15,835,644",0.20,
"101,223",World,OWID_WRL,2021-09-29,"2,147,483,647","2,147,483,647","2,147,483,647","35,167,670","35,738,989","29,982,526.00",79.59,45.30,33.65,0.45,"3,807.00","16,126,865",0.21,
"101,222",World,OWID_WRL,2021-09-28,"2,147,483,647","2,147,483,647","2,147,483,647","34,093,768","27,705,995","29,002,041.00",79.19,45.09,33.51,0.43,"3,683.00","15,257,725",0.19,
"101,221",World,OWID_WRL,2021-09-27,"2,147,483,647","2,147,483,647","2,147,483,647","32,998,260","34,869,880","29,253,483.00",78.83,44.96,33.06,0.42,"3,715.00","15,673,035",0.20,
"101,220",World,OWID_WRL,2021-09-26,"2,147,483,647","2,147,483,647","2,147,483,647","31,802,933","20,239,353","27,857,239.00",78.24,44.65,32.82,0.40,"3,537.00","14,901,545",0.19,
"101,219",World,OWID_WRL,2021-09-25,"2,147,483,647","2,147,483,647","2,147,483,647","31,454,631","23,309,535","28,494,358.00",77.99,44.55,32.71,0.40,"3,618.00","15,204,597",0.19,
"101,218",World,OWID_WRL,2021-09-24,"2,147,483,647","2,147,483,647","2,147,483,647","31,044,276","34,120,910","30,612,914.00",77.73,44.43,32.60,0.39,"3,887.00","16,330,713",0.21,
"101,217",World,OWID_WRL,2021-09-23,"2,147,483,647","2,147,483,647","2,147,483,647","29,614,598","33,892,979","30,084,892.00",77.36,44.27,32.45,0.38,"3,820.00","15,753,835",0.20,
"101,216",World,OWID_WRL,2021-09-22,"2,147,483,647","2,147,483,647","2,147,483,647","29,036,408","28,875,597","30,037,825.00",76.94,44.09,32.29,0.37,"3,814.00","15,556,594",0.20,
"101,215",World,OWID_WRL,2021-09-21,"2,147,483,647","2,147,483,647","2,147,483,647","28,428,828","29,466,074","30,558,267.00",76.60,43.93,32.16,0.36,"3,880.00","15,605,736",0.20,
"101,214",World,OWID_WRL,2021-09-20,"2,147,483,647","2,147,483,647","2,147,483,647","27,890,653","25,096,192","30,204,914.00",76.22,43.74,31.99,0.35,"3,836.00","14,968,036",0.19,
"101,213",World,OWID_WRL,2021-09-19,"2,147,483,647","2,147,483,647","2,147,483,647","27,386,522","24,699,216","31,436,103.00",75.86,43.58,31.85,0.35,"3,992.00","15,341,683",0.20,
"101,212",World,OWID_WRL,2021-09-18,"2,147,483,647","2,147,483,647","2,147,483,647","27,224,453","38,139,389","31,500,919.00",75.53,43.44,31.71,0.35,"4,000.00","15,051,721",0.19,
"101,211",World,OWID_WRL,2021-09-17,"2,147,483,647","2,147,483,647","2,147,483,647","27,008,360","30,424,776","31,019,811.00",75.04,43.09,31.40,0.34,"3,939.00","14,366,542",0.18,
"101,210",World,OWID_WRL,2021-09-16,"2,147,483,647","2,147,483,647","2,147,483,647","26,517,457","33,563,498","31,271,978.00",74.70,42.95,31.26,0.34,"3,971.00","14,380,831",0.18,
"101,209",World,OWID_WRL,2021-09-15,"2,147,483,647","2,147,483,647","2,147,483,647","26,043,107","32,518,722","31,921,415.00",74.31,42.77,31.10,0.33,"4,054.00","14,695,390",0.19,
"101,208",World,OWID_WRL,2021-09-14,"2,147,483,647","2,147,483,647","2,147,483,647","25,527,426","26,992,569","33,007,109.00",73.91,42.61,30.41,0.32,"4,191.00","14,995,095",0.19,
"101,207",World,OWID_WRL,2021-09-13,"2,147,483,647","2,147,483,647","2,147,483,647","24,984,789","33,714,472","34,913,115.00",73.56,42.46,30.26,0.32,"4,433.00","16,001,570",0.20,
"101,206",World,OWID_WRL,2021-09-12,"2,147,483,647","2,147,483,647","2,147,483,647","24,513,122","25,152,956","33,887,737.00",73.16,42.28,30.11,0.31,"4,303.00","15,599,897",0.20,
"101,205",World,OWID_WRL,2021-09-11,"2,147,483,647","2,147,483,647","2,147,483,647","24,275,922","34,771,682","33,862,981.00",72.72,42.08,29.96,0.31,"4,300.00","15,675,462",0.20,
"101,204",World,OWID_WRL,2021-09-10,"2,147,483,647","2,147,483,647","2,147,483,647","24,113,593","32,189,961","32,449,581.00",72.29,41.91,29.81,0.31,"4,121.00","14,971,838",0.19,
"101,203",World,OWID_WRL,2021-09-09,"2,147,483,647","2,147,483,647","2,147,483,647","23,560,114","38,109,585","32,506,817.00",71.91,41.75,29.66,0.30,"4,128.00","15,074,203",0.19,
"101,202",World,OWID_WRL,2021-09-08,"2,147,483,647","2,147,483,647","2,147,483,647","22,911,192","40,118,576","32,140,246.00",71.43,41.45,29.45,0.29,"4,081.00","14,836,314",0.19,
"101,201",World,OWID_WRL,2021-09-07,"2,147,483,647","2,147,483,647","2,147,483,647","22,393,723","40,334,531","32,991,916.00",70.93,41.23,29.23,0.28,"4,189.00","15,714,880",0.20,
"101,200",World,OWID_WRL,2021-09-06,"2,147,483,647","2,147,483,647","2,147,483,647","21,886,846","26,536,903","32,847,079.00",70.46,41.00,29.07,0.28,"4,171.00","15,237,714",0.19,
"101,199",World,OWID_WRL,2021-09-05,"2,147,483,647","2,147,483,647","2,147,483,647","21,491,399","24,979,604","34,380,712.00",70.12,40.57,27.93,0.27,"4,366.00","15,655,993",0.20,
"101,198",World,OWID_WRL,2021-09-04,"2,147,483,647","2,147,483,647","2,147,483,647","21,291,592","24,877,947","35,339,945.00",69.73,40.42,27.79,0.27,"4,488.00","15,829,523",0.20,
"101,197",World,OWID_WRL,2021-09-03,"2,147,483,647","2,147,483,647","2,147,483,647","21,128,290","32,590,575","37,528,407.00",69.41,40.32,27.67,0.27,"4,766.00","16,835,226",0.21,
"101,196",World,OWID_WRL,2021-09-02,"2,147,483,647","2,147,483,647","2,147,483,647","20,606,213","35,543,639","39,918,592.00",69.05,40.18,27.54,0.26,"5,069.00","17,627,355",0.22,
"101,195",World,OWID_WRL,2021-09-01,"2,147,483,647","2,147,483,647","2,147,483,647","19,972,879","46,080,457","41,048,629.00",68.63,40.02,27.40,0.25,"5,213.00","18,163,734",0.23,
"101,194",World,OWID_WRL,2021-08-31,"2,147,483,647","2,147,483,647","2,143,245,134","19,301,134","39,320,826","40,717,510.00",68.05,39.74,27.22,0.25,"5,170.00","18,056,587",0.23,
"101,193",World,OWID_WRL,2021-08-30,"2,147,483,647","2,147,483,647","2,129,690,858","18,402,664","37,272,495","41,136,067.00",67.52,39.55,27.04,0.23,"5,224.00","18,713,182",0.24,
"101,192",World,OWID_WRL,2021-08-29,"2,147,483,647","2,147,483,647","2,119,304,315","17,939,335","31,694,399","40,936,115.00",67.09,39.40,26.91,0.23,"5,198.00","18,706,549",0.24,
"101,191",World,OWID_WRL,2021-08-28,"2,147,483,647","2,147,483,647","2,106,372,563","17,741,180","40,197,425","40,280,318.00",66.58,39.22,26.75,0.23,"5,115.00","18,873,040",0.24,
"101,190",World,OWID_WRL,2021-08-27,"2,147,483,647","2,147,483,647","2,097,346,099","17,546,655","49,322,104","39,032,985.00",66.13,39.05,26.63,0.22,"4,957.00","18,746,667",0.24,
"101,189",World,OWID_WRL,2021-08-26,"2,147,483,647","2,147,483,647","2,081,668,050","17,088,034","43,452,691","37,312,125.00",65.47,38.79,26.43,0.22,"4,738.00","18,694,182",0.24,
"101,188",World,OWID_WRL,2021-08-25,"2,147,483,647","2,147,483,647","1,957,412,036","16,530,813","43,762,613","36,534,519.00",64.94,32.89,24.86,0.21,"4,639.00","18,575,759",0.24,
"101,187",World,OWID_WRL,2021-08-24,"2,147,483,647","2,147,483,647","1,945,033,689","16,004,110","42,250,743","35,920,694.00",64.39,32.68,24.70,0.20,"4,561.00","18,174,170",0.23,
"101,186",World,OWID_WRL,2021-08-23,"2,147,483,647","2,147,483,647","1,930,253,566","15,469,655","35,872,777","35,716,933.00",63.81,32.47,24.51,0.20,"4,536.00","18,265,533",0.23,
"101,185",World,OWID_WRL,2021-08-22,"2,147,483,647","2,147,483,647","1,922,018,348","14,908,927","27,103,832","35,573,306.00",63.40,32.36,24.41,0.19,"4,517.00","18,687,053",0.24,
"101,184",World,OWID_WRL,2021-08-21,"2,147,483,647","2,147,483,647","1,914,011,414","14,696,017","31,466,126","35,067,007.00",63.03,32.25,24.31,0.19,"4,453.00","18,826,288",0.24,
"101,183",World,OWID_WRL,2021-08-20,"2,147,483,647","2,147,483,647","1,906,939,973","14,453,079","37,276,055","35,377,569.00",62.64,32.11,24.22,0.18,"4,492.00","19,402,544",0.25,
"101,182",World,OWID_WRL,2021-08-19,"2,147,483,647","2,147,483,647","1,894,105,200","13,910,022","38,009,477","35,997,521.00",62.13,31.89,24.05,0.18,"4,571.00","19,887,150",0.25,
"101,181",World,OWID_WRL,2021-08-18,"2,147,483,647","2,147,483,647","1,883,291,840","13,337,299","39,465,794","36,385,253.00",61.68,31.73,23.91,0.17,"4,620.00","20,444,943",0.26,
"101,180",World,OWID_WRL,2021-08-17,"2,147,483,647","2,147,483,647","1,872,431,551","12,591,173","40,824,466","36,318,664.00",61.19,31.56,23.78,0.16,"4,612.00","20,622,819",0.26,
"101,179",World,OWID_WRL,2021-08-16,"2,147,483,647","2,147,483,647","1,860,384,924","11,924,040","34,867,379","36,411,764.00",60.68,31.37,23.62,0.15,"4,624.00","20,677,373",0.26,
"101,178",World,OWID_WRL,2021-08-15,"2,147,483,647","2,147,483,647","1,850,251,804","11,363,330","23,559,709","36,554,110.00",60.15,31.14,23.50,0.14,"4,642.00","20,865,720",0.27,
"101,177",World,OWID_WRL,2021-08-14,"2,147,483,647","2,147,483,647","1,844,044,298","11,120,674","33,640,046","37,405,913.00",59.85,31.00,23.42,0.14,"4,750.00","21,145,850",0.27,
"101,176",World,OWID_WRL,2021-08-13,"2,147,483,647","2,147,483,647","1,834,376,430","10,888,525","41,615,832","37,445,228.00",59.46,30.85,23.29,0.14,"4,755.00","20,939,223",0.27,
"101,175",World,OWID_WRL,2021-08-12,"2,147,483,647","2,147,483,647","1,821,341,464","10,557,947","40,723,504","37,419,301.00",58.88,30.59,23.13,0.13,"4,752.00","20,672,673",0.26,
"101,174",World,OWID_WRL,2021-08-11,"2,147,483,647","2,147,483,647","1,033,677,972","10,083,204","38,999,705","37,471,725.00",58.45,30.45,13.13,0.13,"4,758.00","20,379,763",0.26,
"101,173",World,OWID_WRL,2021-08-10,"2,147,483,647","2,147,483,647","1,023,053,605","9,627,488","41,476,164","38,668,331.00",57.97,30.26,12.99,0.12,"4,910.00","20,843,293",0.27,
"101,172",World,OWID_WRL,2021-08-09,"2,147,483,647","2,147,483,647","1,011,277,499","9,192,830","35,863,779","39,638,277.00",57.46,30.07,12.84,0.12,"5,033.00","21,071,757",0.27,
"101,171",World,OWID_WRL,2021-08-08,"2,147,483,647","2,147,483,647","995,315,815","8,922,603","29,508,244","40,509,068.00",56.92,29.83,12.64,0.11,"5,144.00","21,064,712",0.27,
"101,170",World,OWID_WRL,2021-08-07,"2,147,483,647","2,147,483,647","988,830,551","8,746,698","33,901,120","41,103,441.00",56.53,29.67,12.56,0.11,"5,220.00","21,014,298",0.27,
"101,169",World,OWID_WRL,2021-08-06,"2,147,483,647","2,147,483,647","980,910,161","8,592,686","41,420,203","41,699,374.00",56.13,29.53,12.46,0.11,"5,295.00","21,216,133",0.27,
"101,168",World,OWID_WRL,2021-08-05,"2,147,483,647","2,147,483,647","972,314,328","8,404,763","41,076,439","42,218,079.00",55.65,29.37,12.35,0.11,"5,361.00","21,263,363",0.27,
"101,167",World,OWID_WRL,2021-08-04,"2,147,483,647","2,147,483,647","962,650,456","8,073,575","47,361,776","42,949,285.00",55.13,29.18,12.22,0.10,"5,454.00","21,372,610",0.27,
"101,166",World,OWID_WRL,2021-08-03,"2,147,483,647","2,147,483,647","952,864,817","7,972,843","48,251,686","42,488,247.00",54.56,28.96,12.10,0.10,"5,395.00","20,836,798",0.27,
"101,165",World,OWID_WRL,2021-08-02,"2,147,483,647","2,147,483,647","940,573,803","7,747,486","42,044,028","41,631,473.00",53.86,28.66,11.94,0.10,"5,287.00","20,299,879",0.26,
"101,164",World,OWID_WRL,2021-08-01,"2,147,483,647","2,147,483,647","932,692,570","7,564,260","33,668,806","41,152,758.00",53.37,28.52,11.84,0.10,"5,226.00","20,150,240",0.26,
"101,163",World,OWID_WRL,2021-07-31,"2,147,483,647","2,147,483,647","925,593,554","7,477,119","38,072,636","39,961,674.00",52.87,28.33,11.75,0.09,"5,075.00","19,636,987",0.25,
"101,162",World,OWID_WRL,2021-07-30,"2,147,483,647","2,147,483,647","918,562,022","7,426,606","45,051,135","39,170,916.00",52.46,28.20,11.66,0.09,"4,974.00","19,104,335",0.24,
"101,161",World,OWID_WRL,2021-07-29,"2,147,483,647","2,147,483,647","908,200,405","7,280,604","46,194,952","38,368,223.00",51.91,28.02,11.53,0.09,"4,872.00","18,662,466",0.24,
"101,160",World,OWID_WRL,2021-07-28,"2,147,483,647","2,147,483,647","896,178,129","7,056,508","44,134,464","37,430,501.00",51.33,27.82,11.38,0.09,"4,753.00","18,263,076",0.23,
"101,159",World,OWID_WRL,2021-07-27,"2,147,483,647","2,147,483,647","886,163,271","6,831,816","42,254,283","35,849,735.00",50.79,27.64,11.25,0.09,"4,552.00","17,676,637",0.22,
"101,158",World,OWID_WRL,2021-07-26,"2,147,483,647","2,147,483,647","875,574,368","6,608,966","38,693,050","34,315,622.00",50.27,27.48,11.12,0.08,"4,358.00","17,340,273",0.22,
"101,157",World,OWID_WRL,2021-07-25,"2,147,483,647","2,147,095,033","864,139,121","6,388,899","25,331,183","32,891,816.00",49.75,27.26,10.97,0.08,"4,177.00","16,854,908",0.21,
"101,156",World,OWID_WRL,2021-07-24,"2,147,483,647","2,139,054,068","856,589,830","6,222,447","32,537,334","32,467,548.00",49.41,27.16,10.88,0.08,"4,123.00","16,862,577",0.21,
"101,155",World,OWID_WRL,2021-07-23,"2,147,483,647","2,129,855,937","848,749,973","6,183,107","39,432,308","31,967,516.00",49.02,27.05,10.78,0.08,"4,059.00","16,913,952",0.22,
"101,154",World,OWID_WRL,2021-07-22,"2,147,483,647","2,117,740,208","838,813,113","6,148,686","39,630,890","31,202,153.00",48.52,26.89,10.65,0.08,"3,962.00","16,934,101",0.22,
"101,153",World,OWID_WRL,2021-07-21,"2,147,483,647","2,104,898,971","828,628,948","6,092,216","33,069,110","30,661,058.00",48.03,26.73,10.52,0.08,"3,893.00","17,022,569",0.22,
"101,152",World,OWID_WRL,2021-07-20,"2,147,483,647","2,095,594,319","820,015,571","6,040,813","31,515,484","31,264,135.00",47.62,26.61,10.41,0.08,"3,970.00","17,528,817",0.22,
"101,151",World,OWID_WRL,2021-07-19,"2,147,483,647","2,083,047,304","811,366,085","5,987,796","28,726,381","31,758,826.00",47.20,26.45,10.30,0.08,"4,033.00","18,014,294",0.23,
"101,150",World,OWID_WRL,2021-07-18,"2,147,483,647","2,069,596,779","801,889,558","5,928,583","22,361,346","31,692,067.00",46.78,26.28,10.18,0.08,"4,024.00","18,056,865",0.23,
"101,149",World,OWID_WRL,2021-07-17,"2,147,483,647","2,063,852,052","796,860,414","5,830,950","29,037,058","31,421,214.00",46.53,26.21,10.12,0.07,"3,990.00","17,937,872",0.23,
"101,148",World,OWID_WRL,2021-07-16,"2,147,483,647","2,053,449,469","788,181,979","5,785,396","34,074,431","30,873,966.00",46.16,26.08,10.01,0.07,"3,921.00","17,689,708",0.23,
"101,147",World,OWID_WRL,2021-07-15,"2,147,483,647","2,040,989,332","778,326,963","5,728,327","35,842,743","30,615,800.00",45.74,25.92,9.88,0.07,"3,888.00","17,545,362",0.22,
"101,146",World,OWID_WRL,2021-07-14,"2,147,483,647","2,027,550,674","767,850,977","3,739,812","37,290,292","31,319,514.00",45.29,25.75,9.75,0.05,"3,977.00","17,999,038",0.23,
"101,145",World,OWID_WRL,2021-07-13,"2,147,483,647","2,014,023,275","757,781,240","3,619,593","34,977,917","30,719,573.00",44.84,25.58,9.62,0.05,"3,901.00","17,757,663",0.23,
"101,144",World,OWID_WRL,2021-07-12,"2,147,483,647","1,999,362,904","748,216,234","3,432,431","28,258,695","30,647,226.00",44.40,25.39,9.50,0.04,"3,892.00","17,422,143",0.22,
"101,143",World,OWID_WRL,2021-07-11,"2,147,483,647","1,988,568,102","738,387,406","3,217,523","20,464,956","31,086,758.00",44.02,25.25,9.38,0.04,"3,948.00","17,413,574",0.22,
"101,142",World,OWID_WRL,2021-07-10,"2,147,483,647","1,981,241,879","732,152,470","3,085,781","25,208,749","31,416,400.00",43.75,25.16,9.30,0.04,"3,989.00","17,631,771",0.22,
"101,141",World,OWID_WRL,2021-07-09,"2,147,483,647","1,969,170,299","724,021,483","3,031,144","32,267,219","32,651,923.00",43.38,25.01,9.19,0.04,"4,146.00","18,143,215",0.23,
"101,140",World,OWID_WRL,2021-07-08,"2,147,483,647","1,959,913,814","716,203,873","2,875,568","40,768,801","33,286,036.00",43.03,24.89,9.09,0.04,"4,227.00","17,892,963",0.23,
"101,139",World,OWID_WRL,2021-07-07,"2,147,483,647","1,943,657,493","704,665,392","2,601,076","33,090,632","33,509,828.00",42.53,24.68,8.95,0.03,"4,255.00","17,430,330",0.22,
"101,138",World,OWID_WRL,2021-07-06,"2,147,483,647","1,930,776,896","695,182,472","2,280,981","34,471,513","34,421,778.00",42.11,24.52,8.83,0.03,"4,371.00","17,316,436",0.22,
"101,137",World,OWID_WRL,2021-07-05,"2,147,483,647","1,919,375,258","687,204,814","1,909,727","31,335,451","35,574,417.00",41.70,24.37,8.73,0.02,"4,517.00","17,617,973",0.22,
"101,136",World,OWID_WRL,2021-07-04,"2,147,483,647","1,905,791,753","676,736,936","1,493,239","22,772,394","36,679,046.00",41.29,24.20,8.59,0.02,"4,658.00","17,693,753",0.23,
"101,135",World,OWID_WRL,2021-07-03,"2,147,483,647","1,896,344,569","671,130,602","1,152,550","33,857,423","38,312,601.00",40.97,24.08,8.52,0.01,"4,865.00","17,794,852",0.23,
"101,134",World,OWID_WRL,2021-07-02,"2,147,483,647","1,883,101,345","662,387,771","1,029,488","36,706,027","39,533,349.00",40.54,23.91,8.41,0.01,"5,020.00","17,974,205",0.23,
"101,133",World,OWID_WRL,2021-07-01,"2,147,483,647","1,873,541,225","655,073,674","677,665","42,335,431","40,945,172.00",40.08,23.79,8.32,0.01,"5,199.00","18,709,339",0.24,
"101,132",World,OWID_WRL,2021-06-30,"2,147,483,647","1,856,638,643","646,968,603","414,238","39,474,261","41,877,975.00",39.53,23.58,8.22,0.01,"5,318.00","18,982,653",0.24,
"101,131",World,OWID_WRL,2021-06-29,"2,147,483,647","1,845,658,717","638,951,252","112,909","42,539,960","42,588,142.00",39.04,23.44,8.11,0.00,"5,408.00","19,101,831",0.24,
"101,130",World,OWID_WRL,2021-06-28,"2,147,483,647","1,832,074,651","629,703,337","110,409","39,067,852","42,999,243.00",38.52,23.26,8.00,0.00,"5,460.00","19,178,771",0.24,
"101,129",World,OWID_WRL,2021-06-27,"2,147,483,647","1,821,834,169","622,611,372","108,885","34,207,253","43,577,735.00",38.03,23.13,7.91,0.00,"5,534.00","19,995,723",0.25,
"101,128",World,OWID_WRL,2021-06-26,"2,147,483,647","1,796,948,569","615,613,193","108,530","42,402,632","43,224,322.00",37.59,22.82,7.82,0.00,"5,489.00","20,044,686",0.26,
"101,127",World,OWID_WRL,2021-06-25,"2,147,483,647","1,783,291,290","608,797,300","107,674","46,588,744","42,490,066.00",37.06,22.65,7.73,0.00,"5,396.00","19,646,137",0.25,
"101,126",World,OWID_WRL,2021-06-24,"2,147,483,647","1,768,287,863","601,063,444","105,867","48,865,078","42,208,783.00",36.47,22.45,7.63,0.00,"5,360.00","19,416,189",0.25,
"101,125",World,OWID_WRL,2021-06-23,"2,147,483,647","1,752,857,276","592,830,643","104,215","44,445,484","41,776,335.00",35.85,22.26,7.53,0.00,"5,305.00","19,502,335",0.25,
"101,124",World,OWID_WRL,2021-06-22,"2,147,483,647","1,741,071,571","585,484,004","102,717","45,417,677","41,495,768.00",35.30,22.11,7.43,0.00,"5,269.00","19,586,367",0.25,
"101,123",World,OWID_WRL,2021-06-21,"2,147,483,647","1,726,770,030","577,786,426","101,075","43,117,130","40,681,726.00",34.74,21.93,7.34,0.00,"5,166.00","19,232,182",0.24,
"101,122",World,OWID_WRL,2021-06-20,"2,147,483,647","1,709,939,994","571,411,022","99,688","31,733,307","38,616,229.00",34.20,21.71,7.26,0.00,"4,904.00","18,396,118",0.23,
"101,121",World,OWID_WRL,2021-06-19,"2,147,483,647","1,700,193,383","566,640,415","99,374","37,262,699","37,781,584.00",33.78,21.59,7.20,0.00,"4,798.00","18,220,397",0.23,
"101,120",World,OWID_WRL,2021-06-18,"2,147,483,647","1,689,287,799","560,711,613","98,593","44,619,669","36,699,618.00",33.31,21.45,7.12,0.00,"4,660.00","17,971,709",0.23,
"101,119",World,OWID_WRL,2021-06-17,"2,147,483,647","1,676,005,133","553,410,126","96,714","45,837,802","35,750,438.00",32.74,21.28,7.03,0.00,"4,540.00","17,868,200",0.23,
"101,118",World,OWID_WRL,2021-06-16,"2,147,483,647","1,660,472,901","545,670,629","94,132","42,481,460","34,969,273.00",32.17,21.09,6.93,0.00,"4,441.00","17,382,435",0.22,
"101,117",World,OWID_WRL,2021-06-15,"2,147,483,647","1,647,960,792","538,254,618","92,219","39,720,033","34,096,655.00",31.64,20.93,6.84,0.00,"4,330.00","17,368,735",0.22,
"101,116",World,OWID_WRL,2021-06-14,"2,147,483,647","1,635,230,017","530,598,290","90,060","28,658,633","33,371,849.00",31.14,20.76,6.74,0.00,"4,238.00","17,419,644",0.22,
"101,115",World,OWID_WRL,2021-06-13,"2,147,483,647","1,624,450,212","524,286,635","88,024","25,890,785","33,877,863.00",30.78,20.63,6.66,0.00,"4,302.00","17,342,233",0.22,
"101,114",World,OWID_WRL,2021-06-12,"2,147,483,647","1,615,980,579","519,805,010","87,503","29,688,900","33,754,565.00",30.44,20.52,6.60,0.00,"4,286.00","17,211,177",0.22,
"101,113",World,OWID_WRL,2021-06-11,"2,147,483,647","1,605,384,407","514,281,807","86,641","37,975,415","34,065,180.00",30.04,20.39,6.53,0.00,"4,326.00","17,104,339",0.22,
"101,112",World,OWID_WRL,2021-06-10,"2,147,483,647","1,592,590,967","507,114,593","84,454","40,369,411","34,499,071.00",29.56,20.22,6.44,0.00,"4,381.00","11,402,473",0.15,
"101,111",World,OWID_WRL,2021-06-09,"2,147,483,647","958,663,943","500,292,560","82,123","36,372,836","33,904,032.00",29.07,12.17,6.35,0.00,"4,305.00","11,185,338",0.14,
"101,110",World,OWID_WRL,2021-06-08,"2,147,483,647","944,912,462","493,011,987","79,841","34,646,176","34,610,605.00",28.60,12.00,6.26,0.00,"4,395.00","11,006,963",0.14,
"101,109",World,OWID_WRL,2021-06-07,"2,147,483,647","931,152,440","486,019,273","77,635","32,200,396","35,064,198.00",28.15,11.82,6.17,0.00,"4,453.00","10,686,534",0.14,
"101,108",World,OWID_WRL,2021-06-06,"2,147,483,647","920,872,361","480,930,174","75,833","25,027,374","35,429,429.00",27.75,11.69,6.11,0.00,"4,499.00","10,353,716",0.13,
"101,107",World,OWID_WRL,2021-06-05,"2,147,483,647","913,373,868","477,007,127","75,392","31,862,951","35,715,810.00",27.42,11.60,6.06,0.00,"4,535.00","10,180,694",0.13,
"101,106",World,OWID_WRL,2021-06-04,"2,127,117,631","904,504,060","471,765,357","74,436","41,014,441","35,752,858.00",27.01,11.49,5.99,0.00,"4,540.00","10,332,707",0.13,
"101,105",World,OWID_WRL,2021-06-03,"2,086,706,352","891,108,186","465,516,502","71,909","36,204,099","34,920,086.00",26.50,11.32,5.91,0.00,"4,434.00","9,842,888",0.13,
"101,104",World,OWID_WRL,2021-06-02,"2,051,752,245","880,388,135","460,010,975","69,620","41,317,843","34,760,613.00",26.05,11.18,5.84,0.00,"4,414.00","9,813,623",0.13,
"101,103",World,OWID_WRL,2021-06-01,"2,011,203,021","868,601,721","453,823,192","67,169","37,820,016","34,189,839.00",25.54,11.03,5.76,0.00,"4,342.00","9,689,903",0.12,
"101,102",World,OWID_WRL,2021-05-31,"1,972,328,686","857,405,565","447,326,210","64,615","34,614,899","33,436,456.00",25.05,10.89,5.68,0.00,"4,246.00","9,404,178",0.12,
"101,101",World,OWID_WRL,2021-05-30,"1,935,177,023","848,921,906","442,549,170","62,963","26,848,827","32,632,246.00",24.57,10.78,5.62,0.00,"4,144.00","9,413,594",0.12,
"101,100",World,OWID_WRL,2021-05-29,"1,907,821,099","842,756,425","439,356,813","62,717","31,920,978","31,888,445.00",24.23,10.70,5.58,0.00,"4,049.00","9,359,610",0.12,
"101,099",World,OWID_WRL,2021-05-28,"1,875,751,591","832,670,899","435,279,390","62,014","34,966,693","31,044,393.00",23.82,10.57,5.53,0.00,"3,942.00","9,014,877",0.11,
"101,098",World,OWID_WRL,2021-05-27,"1,841,056,413","822,226,747","429,431,277","59,690","34,907,084","30,718,575.00",23.38,10.44,5.45,0.00,"3,901.00","8,899,398",0.11,
"101,097",World,OWID_WRL,2021-05-26,"1,807,917,989","812,336,886","423,961,874","57,175","37,133,915","30,525,345.00",22.96,10.32,5.38,0.00,"3,876.00","8,739,860",0.11,
"101,096",World,OWID_WRL,2021-05-25,"1,771,825,236","801,968,456","418,493,863","54,695","33,662,246","29,393,193.00",22.50,10.18,5.31,0.00,"3,732.00","8,496,772",0.11,
"101,095",World,OWID_WRL,2021-05-24,"1,738,920,260","793,716,891","413,594,969","52,166","28,984,845","28,716,849.00",22.08,10.08,5.25,0.00,"3,647.00","8,579,959",0.11,
"101,094",World,OWID_WRL,2021-05-23,"1,709,431,841","784,482,820","409,603,356","51,387","21,641,674","28,463,869.00",21.71,9.96,5.20,0.00,"3,614.00","8,460,066",0.11,
"101,093",World,OWID_WRL,2021-05-22,"1,687,038,538","778,802,526","406,568,813","51,094","26,012,063","28,383,011.00",21.42,9.89,5.16,0.00,"3,604.00","8,347,043",0.11,
"101,092",World,OWID_WRL,2021-05-21,"1,659,313,847","769,888,106","401,547,004","50,302","32,685,264","28,071,189.00",21.07,9.78,5.10,0.00,"3,565.00","8,307,930",0.11,
"101,091",World,OWID_WRL,2021-05-20,"1,627,804,458","761,076,413","395,184,228","47,975","33,553,692","27,272,861.00",20.67,9.66,5.02,0.00,"3,463.00","8,043,662",0.10,
"101,090",World,OWID_WRL,2021-05-19,"1,593,911,320","750,892,832","388,961,376","45,285","29,212,032","26,257,926.00",20.24,9.54,4.94,0.00,"3,334.00","7,736,968",0.10,
"101,089",World,OWID_WRL,2021-05-18,"1,565,876,767","742,268,362","383,356,427","42,563","28,927,665","26,005,260.00",19.88,9.43,4.87,0.00,"3,302.00","7,691,136",0.10,
"101,088",World,OWID_WRL,2021-05-17,"1,537,289,274","733,159,530","377,635,199","40,391","27,213,791","25,380,293.00",19.52,9.31,4.80,0.00,"3,223.00","7,531,453",0.10,
"101,087",World,OWID_WRL,2021-05-16,"1,510,256,580","725,619,272","373,160,543","38,679","21,075,468","24,570,562.00",19.18,9.21,4.74,0.00,"3,120.00","7,483,771",0.10,
"101,086",World,OWID_WRL,2021-05-15,"1,487,985,955","720,188,289","370,174,627","38,481","23,830,448","23,438,574.00",18.90,9.15,4.70,0.00,"2,976.00","7,369,557",0.09,
"101,085",World,OWID_WRL,2021-05-14,"1,464,459,864","713,280,097","365,955,317","37,915","27,096,909","22,949,932.00",18.60,9.06,4.65,0.00,"2,914.00","7,198,161",0.09,
"101,084",World,OWID_WRL,2021-05-13,"1,437,802,941","705,648,181","360,372,148","36,506","26,449,161","22,834,906.00",18.26,8.96,4.58,0.00,"2,900.00","7,329,867",0.09,
"101,083",World,OWID_WRL,2021-05-12,"1,411,210,164","697,969,869","354,148,247","35,676","27,439,357","22,651,987.00",17.92,8.86,4.50,0.00,"2,876.00","7,433,419",0.09,
"101,082",World,OWID_WRL,2021-05-11,"1,384,323,219","689,158,730","347,476,559","33,739","24,548,890","21,748,490.00",17.58,8.75,4.41,0.00,"2,762.00","7,379,050",0.09,
"101,081",World,OWID_WRL,2021-05-10,"1,359,434,475","679,973,691","339,985,656","31,926","21,541,760","20,902,366.00",17.26,8.63,4.32,0.00,"2,654.00","7,295,401",0.09,
"101,080",World,OWID_WRL,2021-05-09,"1,336,959,898","672,212,109","334,379,243","30,536","13,143,218","20,092,233.00",16.98,8.54,4.25,0.00,"2,551.00","7,122,488",0.09,
"101,079",World,OWID_WRL,2021-05-08,"1,323,188,507","667,929,686","331,752,045","30,240","20,401,774","19,768,683.00",16.80,8.48,4.21,0.00,"2,510.00","7,050,102",0.09,
"101,078",World,OWID_WRL,2021-05-07,"1,303,348,346","662,418,768","326,849,706","29,815","26,282,817","18,919,914.00",16.55,8.41,4.15,0.00,"2,403.00","6,919,191",0.09,
"101,077",World,OWID_WRL,2021-05-06,"1,275,670,777","653,068,900","319,036,806","28,136","25,187,718","18,991,020.00",16.20,8.29,4.05,0.00,"2,412.00","6,861,783",0.09,
"101,076",World,OWID_WRL,2021-05-05,"1,251,682,247","644,559,171","311,852,960","26,053","21,109,937","19,038,434.00",15.89,8.18,3.96,0.00,"2,418.00","6,758,050",0.09,
"101,075",World,OWID_WRL,2021-05-04,"1,231,041,330","636,368,594","304,328,056","24,323","18,620,306","19,541,214.00",15.63,8.08,3.86,0.00,"2,481.00","6,854,075",0.09,
"101,074",World,OWID_WRL,2021-05-03,"1,211,454,510","629,109,940","297,583,696","22,842","15,894,546","19,953,118.00",15.38,7.99,3.78,0.00,"2,534.00","6,950,937",0.09,
"101,073",World,OWID_WRL,2021-05-02,"1,196,689,197","623,750,527","293,020,485","21,790","10,876,956","20,289,155.00",15.20,7.92,3.72,0.00,"2,576.00","7,203,474",0.09,
"101,072",World,OWID_WRL,2021-05-01,"1,185,633,557","620,273,141","290,407,392","21,639","14,465,016","20,439,827.00",15.06,7.88,3.69,0.00,"2,596.00","7,378,832",0.09,
"101,071",World,OWID_WRL,2021-04-30,"1,171,613,380","615,355,135","286,723,119","21,240","26,779,959","20,515,698.00",14.88,7.81,3.64,0.00,"2,605.00","7,583,361",0.10,
"101,070",World,OWID_WRL,2021-04-29,"1,145,503,486","607,336,765","280,360,492","19,672","25,518,382","19,561,418.00",14.55,7.71,3.56,0.00,"2,484.00","7,653,430",0.10,
"101,069",World,OWID_WRL,2021-04-28,"1,120,812,305","598,424,872","272,748,818","17,923","24,633,328","19,165,227.00",14.23,7.60,3.46,0.00,"2,434.00","7,720,758",0.10,
"101,068",World,OWID_WRL,2021-04-27,"1,094,852,834","587,972,537","265,451,357","16,142","21,503,638","18,316,442.00",13.90,7.47,3.37,0.00,"2,326.00","7,535,910",0.10,
"101,067",World,OWID_WRL,2021-04-26,"1,073,920,095","580,171,844","259,071,729","14,956","18,246,803","17,598,230.00",13.64,7.37,3.29,0.00,"2,235.00","7,413,590",0.09,
"101,066",World,OWID_WRL,2021-04-25,"1,056,676,861","573,159,008","253,657,306","14,197","11,931,689","17,203,340.00",13.42,7.28,3.22,0.00,"2,185.00","7,370,533",0.09,
"101,065",World,OWID_WRL,2021-04-24,"1,039,690,113","565,363,087","249,390,476","14,051","14,996,085","16,783,456.00",13.20,7.18,3.17,0.00,"2,131.00","7,324,697",0.09,
"101,064",World,OWID_WRL,2021-04-23,"1,027,252,578","560,584,339","245,909,888","13,652","20,099,989","16,584,684.00",13.04,7.12,3.12,0.00,"2,106.00","7,424,786",0.09,
"101,063",World,OWID_WRL,2021-04-22,"1,008,376,545","552,548,506","240,271,740","12,648","22,745,036","16,401,131.00",12.80,7.02,3.05,0.00,"2,083.00","7,491,101",0.10,
"101,062",World,OWID_WRL,2021-04-21,"985,985,310","543,860,728","233,743,926","11,509","18,690,379","15,912,240.00",12.52,6.91,2.97,0.00,"2,021.00","7,559,461",0.10,
"101,061",World,OWID_WRL,2021-04-20,"966,692,652","535,440,071","228,436,710","10,430","16,474,324","15,978,150.00",12.28,6.80,2.90,0.00,"2,029.00","7,906,019",0.10,
"101,060",World,OWID_WRL,2021-04-19,"952,003,350","527,865,774","222,123,563","9,638","15,480,698","16,222,180.00",12.09,6.70,2.82,0.00,"2,060.00","8,229,825",0.11,
"101,059",World,OWID_WRL,2021-04-18,"936,250,182","520,116,149","217,317,105","9,050","8,990,398","16,676,137.00",11.89,6.60,2.76,0.00,"2,118.00","8,578,608",0.11,
"101,058",World,OWID_WRL,2021-04-17,"926,020,769","515,031,386","214,684,811","8,950","13,597,290","17,002,289.00",11.76,6.54,2.73,0.00,"2,159.00","8,878,039",0.11,
"101,057",World,OWID_WRL,2021-04-16,"912,541,785","507,869,740","211,039,354","8,726","18,807,731","17,321,896.00",11.59,6.45,2.68,0.00,"2,200.00","9,137,990",0.12,
"101,056",World,OWID_WRL,2021-04-15,"893,960,040","498,753,085","205,622,412","8,086","19,325,590","17,901,780.00",11.35,6.33,2.61,0.00,"2,273.00","9,467,172",0.12,
"101,055",World,OWID_WRL,2021-04-14,"875,060,001","489,841,202","200,193,518","7,456","19,145,944","18,588,711.00",11.11,6.22,2.54,0.00,"2,360.00","9,922,813",0.13,
"101,054",World,OWID_WRL,2021-04-13,"855,760,026","479,549,613","194,819,299","7,000","18,174,392","18,698,763.00",10.87,6.09,2.47,0.00,"2,374.00","10,027,273",0.13,
"101,053",World,OWID_WRL,2021-04-12,"838,334,840","470,344,347","190,366,957","6,790","18,652,157","18,683,570.00",10.65,5.97,2.42,0.00,"2,373.00","10,217,882",0.13,
"101,052",World,OWID_WRL,2021-04-11,"819,656,474","460,539,735","185,947,147","6,577","11,301,921","18,163,236.00",10.41,5.85,2.36,0.00,"2,306.00","10,064,367",0.13,
"101,051",World,OWID_WRL,2021-04-10,"808,370,751","454,331,870","183,686,661","6,527","15,831,547","18,002,921.00",10.27,5.77,2.33,0.00,"2,286.00","9,957,896",0.13,
"101,050",World,OWID_WRL,2021-04-09,"792,367,288","445,381,727","179,670,274","6,374","22,864,520","17,553,361.00",10.06,5.66,2.28,0.00,"2,229.00","9,708,448",0.12,
"101,049",World,OWID_WRL,2021-04-08,"769,695,894","434,036,392","173,918,241","6,065","24,115,821","17,107,009.00",9.77,5.51,2.21,0.00,"2,172.00","9,352,900",0.12,
"101,048",World,OWID_WRL,2021-04-07,"745,736,621","421,322,717","168,394,108","5,848","19,883,524","16,910,388.00",9.47,5.35,2.14,0.00,"2,147.00","9,112,213",0.12,
"101,047",World,OWID_WRL,2021-04-06,"725,871,354","410,190,524","163,091,853","5,663","18,035,818","16,807,397.00",9.22,5.21,2.07,0.00,"2,134.00","8,887,009",0.11,
"101,046",World,OWID_WRL,2021-04-05,"708,361,591","399,626,545","158,674,857","5,437","14,979,776","16,525,194.00",9.00,5.07,2.01,0.00,"2,098.00","8,540,499",0.11,
"101,045",World,OWID_WRL,2021-04-04,"693,562,715","391,068,273","155,262,162","5,273","10,147,142","16,346,111.00",8.81,4.97,1.97,0.00,"2,076.00","8,191,135",0.10,
"101,044",World,OWID_WRL,2021-04-03,"683,581,957","385,681,408","154,087,801","5,237","12,653,211","16,250,423.00",8.68,4.90,1.96,0.00,"2,064.00","7,905,951",0.10,
"101,043",World,OWID_WRL,2021-04-02,"670,996,023","378,575,043","151,496,944","5,105","19,932,746","16,542,732.00",8.52,4.81,1.92,0.00,"2,101.00","7,873,692",0.10,
"101,042",World,OWID_WRL,2021-04-01,"650,831,986","369,195,735","147,966,678","4,967","22,738,740","16,552,998.00",8.26,4.69,1.88,0.00,"2,102.00","7,939,179",0.10,
"101,041",World,OWID_WRL,2021-03-31,"628,754,641","358,907,781","143,032,701","4,613","19,152,976","15,967,098.00",7.98,4.56,1.82,0.00,"2,028.00","7,639,762",0.10,
"101,040",World,OWID_WRL,2021-03-30,"608,721,234","348,095,247","138,641,865","4,408","16,042,614","15,469,985.00",7.73,4.42,1.76,0.00,"1,964.00","7,505,354",0.10,
"101,039",World,OWID_WRL,2021-03-29,"592,673,044","340,067,708","134,875,839","4,189","13,706,779","15,117,029.00",7.53,4.32,1.71,0.00,"1,920.00","7,423,147",0.09,
"101,038",World,OWID_WRL,2021-03-28,"576,420,947","332,561,761","130,576,359","4,032","9,454,381","15,064,142.00",7.32,4.22,1.66,0.00,"1,913.00","7,658,167",0.10,
"101,037",World,OWID_WRL,2021-03-27,"567,647,434","329,486,380","129,481,107","3,965","14,684,778","14,784,279.00",7.21,4.18,1.64,0.00,"1,877.00","7,650,798",0.10,
"101,036",World,OWID_WRL,2021-03-26,"553,362,197","322,939,751","127,113,626","3,885","19,909,030","14,123,603.00",7.03,4.10,1.61,0.00,"1,793.00","7,555,441",0.10,
"101,035",World,OWID_WRL,2021-03-25,"533,538,336","313,354,188","123,096,176","3,730","18,594,822","13,222,208.00",6.78,3.98,1.56,0.00,"1,679.00","7,366,813",0.09,
"101,034",World,OWID_WRL,2021-03-24,"515,924,838","305,194,981","119,336,875","3,570","15,623,673","12,367,562.00",6.55,3.88,1.52,0.00,"1,570.00","7,170,222",0.09,
"101,033",World,OWID_WRL,2021-03-23,"500,381,061","296,390,008","115,680,022","3,395","13,471,762","11,926,610.00",6.35,3.76,1.47,0.00,"1,514.00","6,983,513",0.09,
"101,032",World,OWID_WRL,2021-03-22,"487,547,086","289,088,809","112,878,961","3,287","13,243,927","11,703,428.00",6.19,3.67,1.43,0.00,"1,486.00","6,862,788",0.09,
"101,031",World,OWID_WRL,2021-03-21,"471,700,752","281,417,909","110,426,248","3,193","7,433,962","11,475,905.00",5.99,3.57,1.40,0.00,"1,457.00","6,749,675",0.09,
"101,030",World,OWID_WRL,2021-03-20,"467,253,831","278,248,111","109,510,125","3,145","10,572,952","11,065,039.00",5.93,3.53,1.39,0.00,"1,405.00","6,614,681",0.08,
"101,029",World,OWID_WRL,2021-03-19,"448,618,384","271,536,059","107,350,836","3,087","13,606,989","10,817,467.00",5.70,3.45,1.36,0.00,"1,374.00","6,431,372",0.08,
"101,028",World,OWID_WRL,2021-03-18,"435,306,881","262,247,095","103,810,074","2,951","12,609,899","10,536,530.00",5.53,3.33,1.32,0.00,"1,338.00","6,278,431",0.08,
"101,027",World,OWID_WRL,2021-03-17,"424,718,356","254,937,940","100,690,705","2,858","12,528,420","10,202,338.00",5.39,3.24,1.28,0.00,"1,296.00","6,116,495",0.08,
"101,026",World,OWID_WRL,2021-03-16,"413,810,900","247,929,754","96,860,910","2,788","11,901,083","9,975,143.00",5.25,3.15,1.23,0.00,"1,267.00","6,085,700",0.08,
"101,025",World,OWID_WRL,2021-03-15,"403,847,195","241,355,038","93,781,592","2,730","11,649,220","9,671,752.00",5.13,3.06,1.19,0.00,"1,228.00","6,006,689",0.08,
"101,024",World,OWID_WRL,2021-03-14,"393,794,329","234,277,810","90,849,935","2,669","4,545,453","9,287,400.00",5.00,2.97,1.15,0.00,"1,179.00","5,857,754",0.07,
"101,023",World,OWID_WRL,2021-03-13,"377,502,786","231,408,102","89,973,005","2,650","8,826,837","9,219,494.00",4.79,2.94,1.14,0.00,"1,171.00","5,821,753",0.07,
"101,022",World,OWID_WRL,2021-03-12,"369,806,220","225,419,942","87,557,042","2,619","11,637,241","9,095,652.00",4.70,2.86,1.11,0.00,"1,155.00","5,813,606",0.07,
"101,021",World,OWID_WRL,2021-03-11,"359,246,622","218,120,488","84,034,934","2,505","10,311,388","8,890,629.00",4.56,2.77,1.07,0.00,"1,129.00","5,717,034",0.07,
"101,020",World,OWID_WRL,2021-03-10,"350,016,667","212,232,769","81,047,030","2,435","10,935,200","8,935,972.00",4.44,2.70,1.03,0.00,"1,135.00","5,771,245",0.07,
"101,019",World,OWID_WRL,2021-03-09,"339,927,071","205,269,604","77,907,478","2,367","9,769,736","8,734,881.00",4.32,2.61,0.99,0.00,"1,109.00","5,628,537",0.07,
"101,018",World,OWID_WRL,2021-03-08,"331,487,333","199,277,417","75,499,025","2,311","8,962,484","8,514,108.00",4.21,2.53,0.96,0.00,"1,081.00","5,455,975",0.07,
"101,017",World,OWID_WRL,2021-03-07,"323,696,624","193,497,658","73,478,225","2,279","4,054,421","8,189,316.00",4.11,2.46,0.93,0.00,"1,040.00","5,179,833",0.07,
"101,016",World,OWID_WRL,2021-03-06,"319,919,153","190,709,699","72,719,902","2,275","7,948,188","8,091,515.00",4.06,2.42,0.92,0.00,"1,027.00","5,116,950",0.07,
"101,015",World,OWID_WRL,2021-03-05,"312,833,137","185,791,216","70,665,975","2,250","10,186,666","7,812,494.00",3.97,2.36,0.90,0.00,992.00,"4,859,801",0.06,
"101,014",World,OWID_WRL,2021-03-04,"303,609,254","179,326,429","67,921,381","2,184","10,622,909","7,541,293.00",3.86,2.28,0.86,0.00,958.00,"4,627,959",0.06,
"101,013",World,OWID_WRL,2021-03-03,"294,085,585","172,897,299","65,095,219","2,094","9,555,418","7,245,160.00",3.73,2.20,0.83,0.00,920.00,"4,381,587",0.06,
"101,012",World,OWID_WRL,2021-03-02,"285,889,945","167,364,897","62,569,631","2,017","8,213,683","6,957,094.00",3.63,2.13,0.79,0.00,883.00,"4,179,437",0.05,
"101,011",World,OWID_WRL,2021-03-01,"274,625,203","159,309,294","59,606,445","1,935","6,703,160","6,675,509.00",3.49,2.02,0.76,0.00,848.00,"3,935,448",0.05,
"101,010",World,OWID_WRL,2021-02-28,"269,031,054","155,476,457","58,041,981","1,881","3,311,497","6,421,887.00",3.42,1.97,0.74,0.00,815.00,"3,741,754",0.05,
"101,009",World,OWID_WRL,2021-02-27,"254,343,811","153,484,491","57,402,631","1,847","5,926,513","6,384,447.00",3.23,1.95,0.73,0.00,811.00,"3,687,523",0.05,
"101,008",World,OWID_WRL,2021-02-26,"249,070,616","150,183,630","55,718,116","1,803","8,192,445","6,194,499.00",3.16,1.91,0.71,0.00,787.00,"3,555,378",0.05,
"101,007",World,OWID_WRL,2021-02-25,"241,588,406","145,511,258","53,063,719","1,618","8,456,713","5,983,296.00",3.07,1.85,0.67,0.00,760.00,"3,380,748",0.04,
"101,006",World,OWID_WRL,2021-02-24,"234,307,849","141,016,317","50,503,462","1,425","7,474,976","5,821,386.00",2.98,1.79,0.64,0.00,739.00,"3,286,281",0.04,
"101,005",World,OWID_WRL,2021-02-23,"227,737,669","136,829,882","48,300,471","1,390","6,470,318","5,714,321.00",2.89,1.74,0.61,0.00,726.00,"3,181,328",0.04,
"101,004",World,OWID_WRL,2021-02-22,"222,112,693","130,923,611","44,151,775","1,329","5,079,794","5,640,776.00",2.82,1.66,0.56,0.00,716.00,"3,115,868",0.04,
"101,003",World,OWID_WRL,2021-02-21,"217,798,735","128,298,650","42,605,084","1,253","3,024,926","5,612,448.00",2.77,1.63,0.54,0.00,713.00,"3,129,413",0.04,
"101,002",World,OWID_WRL,2021-02-20,"215,612,209","126,952,868","41,788,778","1,229","4,591,138","5,622,317.00",2.74,1.61,0.53,0.00,714.00,"3,162,099",0.04,
"101,001",World,OWID_WRL,2021-02-19,"211,398,908","124,211,180","40,437,662","1,206","6,717,516","5,626,455.00",2.68,1.58,0.51,0.00,714.00,"3,085,322",0.04,
"101,000",World,OWID_WRL,2021-02-18,"205,602,699","118,566,845","37,941,364","1,154","7,333,180","5,709,321.00",2.61,1.51,0.48,0.00,725.00,"3,200,990",0.04,
"100,999",World,OWID_WRL,2021-02-17,"199,113,874","114,712,880","35,952,777","1,122","6,727,077","5,595,642.00",2.53,1.46,0.46,0.00,711.00,"3,173,951",0.04,
"100,998",World,OWID_WRL,2021-02-16,"193,296,176","111,112,327","33,979,304","1,090","5,961,764","5,546,498.00",2.45,1.41,0.43,0.00,704.00,"3,178,786",0.04,
"100,997",World,OWID_WRL,2021-02-15,"188,316,495","108,224,756","32,233,664","1,058","4,870,599","5,608,052.00",2.39,1.37,0.41,0.00,712.00,"3,161,794",0.04,
"100,996",World,OWID_WRL,2021-02-14,"183,793,302","105,332,876","30,969,557","1,040","3,064,413","5,732,976.00",2.33,1.34,0.39,0.00,728.00,"3,151,570",0.04,
"100,995",World,OWID_WRL,2021-02-13,"181,652,030","103,963,014","30,266,081","1,030","4,592,828","5,754,542.00",2.31,1.32,0.38,0.00,731.00,"3,138,197",0.04,
"100,994",World,OWID_WRL,2021-02-12,"177,534,549","101,332,064","29,186,161","1,007","7,296,620","5,817,678.00",2.25,1.29,0.37,0.00,739.00,"2,964,967",0.04,
"100,993",World,OWID_WRL,2021-02-11,"171,025,035","94,637,588","26,933,643",939,"6,600,476","5,750,367.00",2.17,1.20,0.34,0.00,730.00,"2,904,141",0.04,
"100,992",World,OWID_WRL,2021-02-10,"165,435,316","91,144,556","25,141,640",865,"6,391,619","5,821,868.00",2.10,1.16,0.32,0.00,739.00,"2,867,189",0.04,
"100,991",World,OWID_WRL,2021-02-09,"159,964,097","87,720,007","23,483,803",839,"6,412,679","5,959,251.00",2.03,1.11,0.30,0.00,757.00,"2,795,143",0.04,
"100,990",World,OWID_WRL,2021-02-08,"145,976,398","84,755,633","22,021,114",779,"5,721,492","5,959,619.00",1.85,1.08,0.28,0.00,757.00,"2,710,102",0.03,
"100,989",World,OWID_WRL,2021-02-07,"142,164,858","82,356,998","20,869,384",731,"3,178,841","5,996,391.00",1.81,1.05,0.27,0.00,761.00,"2,630,793",0.03,
"100,988",World,OWID_WRL,2021-02-06,"140,504,014","81,391,507","20,305,865",726,"4,997,860","5,844,014.00",1.78,1.03,0.26,0.00,742.00,"2,653,227",0.03,
"100,987",World,OWID_WRL,2021-02-05,"137,064,464","78,993,983","19,578,293",713,"6,812,195","5,606,601.00",1.74,1.00,0.25,0.00,712.00,"2,643,695",0.03,
"100,986",World,OWID_WRL,2021-02-04,"131,584,798","75,367,023","18,037,416",641,"7,124,093","5,367,854.00",1.67,0.96,0.23,0.00,682.00,"2,647,049",0.03,
"100,985",World,OWID_WRL,2021-02-03,"126,233,824","71,963,940","16,490,710",599,"7,444,459","5,084,454.00",1.60,0.91,0.21,0.00,646.00,"2,626,751",0.03,
"100,984",World,OWID_WRL,2021-02-02,"114,243,087","68,973,529","15,062,166",478,"6,429,763","4,671,884.00",1.45,0.88,0.19,0.00,593.00,"2,587,978",0.03,
"100,983",World,OWID_WRL,2021-02-01,"110,458,984","66,678,491","13,880,038",426,"5,973,358","4,482,987.00",1.40,0.85,0.18,0.00,569.00,"2,575,001",0.03,
"100,982",World,OWID_WRL,2021-01-31,"107,055,813","64,642,064","12,875,310",375,"2,104,032","4,310,799.00",1.36,0.82,0.16,0.00,547.00,"2,611,897",0.03,
"100,981",World,OWID_WRL,2021-01-30,"103,958,634","63,559,543","12,392,238",369,"3,327,545","4,421,640.00",1.32,0.81,0.16,0.00,561.00,"2,603,678",0.03,
"100,980",World,OWID_WRL,2021-01-29,"100,906,405","61,337,058","11,858,458",351,"5,131,179","4,491,626.00",1.28,0.78,0.15,0.00,570.00,"2,566,117",0.03,
"100,979",World,OWID_WRL,2021-01-28,"96,227,540","58,038,134","10,902,856",311,"5,056,898","4,460,137.00",1.22,0.74,0.14,0.00,566.00,"2,540,635",0.03,
"100,978",World,OWID_WRL,2021-01-27,"91,631,098","54,856,253","9,849,003",276,"4,514,853","4,447,975.00",1.16,0.70,0.13,0.00,565.00,"2,465,422",0.03,
"100,977",World,OWID_WRL,2021-01-26,"87,581,708","52,078,617","8,808,284",257,"4,976,698","4,386,098.00",1.11,0.66,0.11,0.00,557.00,"2,406,688",0.03,
"100,976",World,OWID_WRL,2021-01-25,"76,296,360","49,816,074","7,804,366",221,"4,697,327","4,234,323.00",0.97,0.63,0.10,0.00,538.00,"2,399,052",0.03,
"100,975",World,OWID_WRL,2021-01-24,"73,045,399","47,586,286","6,934,065",179,"2,766,916","4,012,310.00",0.93,0.60,0.09,0.00,510.00,"2,315,324",0.03,
"100,974",World,OWID_WRL,2021-01-23,"71,509,532","46,487,012","6,591,086",177,"3,796,659","3,910,550.00",0.91,0.59,0.08,0.00,497.00,"2,313,680",0.03,
"100,973",World,OWID_WRL,2021-01-22,"69,021,391","44,532,786","6,279,649",174,"5,198,561","3,762,929.00",0.88,0.57,0.08,0.00,478.00,"2,270,923",0.03,
"100,972",World,OWID_WRL,2021-01-21,"64,937,959","41,084,333","5,861,075",164,"5,044,582","3,570,580.00",0.82,0.52,0.07,0.00,453.00,"2,151,925",0.03,
"100,971",World,OWID_WRL,2021-01-20,"61,411,560","38,331,065","5,269,993",139,"4,214,593","3,412,075.00",0.78,0.49,0.07,0.00,433.00,"2,094,121",0.03,
"100,970",World,OWID_WRL,2021-01-19,"53,110,463","35,953,061","4,570,469",129,"3,911,780","3,259,788.00",0.67,0.46,0.06,0.00,414.00,"2,050,710",0.03,
"100,969",World,OWID_WRL,2021-01-18,"50,122,858","33,787,899","3,987,741",117,"3,144,770","3,097,791.00",0.64,0.43,0.05,0.00,393.00,"1,978,636",0.03,
"100,968",World,OWID_WRL,2021-01-17,"47,692,584","31,988,127","3,590,507",100,"1,950,540","2,971,714.00",0.61,0.41,0.05,0.00,377.00,"1,918,231",0.02,
"100,967",World,OWID_WRL,2021-01-16,"46,482,165","31,073,047","3,431,223",90,"2,660,753","3,002,007.00",0.59,0.39,0.04,0.00,381.00,"1,983,217",0.03,
"100,966",World,OWID_WRL,2021-01-15,"44,620,473","29,620,475","3,327,544",88,"3,704,082","2,807,620.00",0.57,0.38,0.04,0.00,357.00,"1,742,611",0.02,
"100,965",World,OWID_WRL,2021-01-14,"41,667,955","27,320,684","3,155,788",86,"3,815,466","2,673,604.00",0.53,0.35,0.04,0.00,340.00,"1,653,112",0.02,
"100,964",World,OWID_WRL,2021-01-13,"38,748,897","25,046,753","2,937,424",78,"2,908,341","2,248,759.00",0.49,0.32,0.04,0.00,286.00,"1,539,891",0.02,
"100,963",World,OWID_WRL,2021-01-12,"35,004,561","22,787,029","2,590,576",75,"2,510,042","2,123,377.00",0.44,0.29,0.03,0.00,270.00,"1,417,646",0.02,
"100,962",World,OWID_WRL,2021-01-11,"32,841,525","21,127,267","2,221,914",37,"2,126,327","2,047,525.00",0.42,0.27,0.03,0.00,260.00,"1,351,379",0.02,
"100,961",World,OWID_WRL,2021-01-10,"30,976,416","19,730,294","1,857,465",35,"911,024","1,847,405.00",0.39,0.25,0.02,0.00,235.00,"1,125,833",0.01,
"100,960",World,OWID_WRL,2021-01-09,"27,736,631","16,192,618","1,140,225",29,"1,518,441","1,860,368.00",0.35,0.21,0.01,0.00,236.00,"1,118,041",0.01,
"100,959",World,OWID_WRL,2021-01-08,"22,269,934","15,484,406","1,009,954",27,"2,386,618","1,793,796.00",0.28,0.20,0.01,0.00,228.00,"1,080,386",0.01,
"100,958",World,OWID_WRL,2021-01-07,"20,330,099","13,988,119","644,414",20,"2,325,983","1,579,106.00",0.26,0.18,0.01,0.00,201.00,"927,542",0.01,
"100,957",World,OWID_WRL,2021-01-06,"18,539,928","12,563,714","361,883",18,"2,018,671","1,365,060.00",0.24,0.16,0.00,0.00,173.00,"844,473",0.01,
"100,956",World,OWID_WRL,2021-01-05,"16,975,982","11,329,548","188,382",12,"1,864,612","1,301,287.00",0.22,0.14,0.00,0.00,165.00,"850,100",0.01,
"100,955",World,OWID_WRL,2021-01-04,"14,842,977","10,122,873","100,610",10,"1,604,145","1,170,181.00",0.19,0.13,0.00,0.00,149.00,"775,333",0.01,
"100,954",World,OWID_WRL,2021-01-03,"13,700,599","9,038,300","55,407",6,"908,494","1,077,418.00",0.17,0.11,0.00,0.00,137.00,"734,798",0.01,
"100,953",World,OWID_WRL,2021-01-02,"13,297,174","8,642,412","52,893",2,"1,040,856","1,030,526.00",0.17,0.11,0.00,0.00,131.00,"733,156",0.01,
"100,952",World,OWID_WRL,2021-01-01,"12,100,966","7,454,255","49,897",2,"820,350","947,932.00",0.15,0.09,0.00,0.00,120.00,"695,919",0.01,
"100,951",World,OWID_WRL,2020-12-31,"11,859,899","7,223,856","42,460",1,"975,053","896,436.00",0.15,0.09,0.00,0.00,114.00,"690,567",0.01,
"100,950",World,OWID_WRL,2020-12-30,"8,155,155","6,528,460","39,224",1,"1,428,275","855,814.00",0.10,0.08,0.00,0.00,109.00,"650,734",0.01,
"100,949",World,OWID_WRL,2020-12-29,"6,979,158","5,371,085","31,321",1,"1,247,819","754,484.00",0.09,0.07,0.00,0.00,96.00,"550,415",0.01,
"100,948",World,OWID_WRL,2020-12-28,"5,974,269","4,384,364","26,019",0,"1,029,070","655,812.00",0.08,0.06,0.00,0.00,83.00,"460,423",0.01,
"100,947",World,OWID_WRL,2020-12-27,"5,193,023","3,620,794","21,717",0,"471,869","573,047.00",0.07,0.05,0.00,0.00,73.00,"378,699",0.01,
"100,946",World,OWID_WRL,2020-12-26,"4,933,304","3,363,751","20,977",0,"437,482","551,483.00",0.06,0.04,0.00,0.00,70.00,"357,317",0.01,
"100,945",World,OWID_WRL,2020-12-25,"4,754,205","3,187,871","20,017",0,"317,881","551,867.00",0.06,0.04,0.00,0.00,70.00,"357,607",0.01,
"100,944",World,OWID_WRL,2020-12-24,"4,694,723","3,128,542","19,917",0,"548,690","600,265.00",0.06,0.04,0.00,0.00,76.00,"404,816",0.01,
"100,943",World,OWID_WRL,2020-12-23,"4,399,485","2,838,135","18,810",0,"904,080","582,296.00",0.06,0.04,0.00,0.00,74.00,"386,548",0.01,
"100,942",World,OWID_WRL,2020-12-22,"3,713,291","2,163,521","15,734",0,"690,263","501,976.00",0.05,0.03,0.00,0.00,64.00,"308,496",0.00,
"100,941",World,OWID_WRL,2020-12-21,"3,190,385","1,649,292","12,769",0,"608,272","434,490.00",0.04,0.02,0.00,0.00,55.00,"241,939",0.00,
"100,940",World,OWID_WRL,2020-12-20,"2,772,969","1,238,637","11,238",0,"304,916","370,628.00",0.04,0.02,0.00,0.00,47.00,"179,020",0.00,
"100,939",World,OWID_WRL,2020-12-19,"2,658,908","1,126,547","10,502",0,"374,210","374,233.00",0.03,0.01,0.00,0.00,48.00,"182,270",0.00,
"100,938",World,OWID_WRL,2020-12-18,"2,475,485","947,001","9,424",0,"611,787","374,307.00",0.03,0.01,0.00,0.00,48.00,"182,225",0.00,
"100,937",World,OWID_WRL,2020-12-17,"2,054,555","534,530","8,208",0,"468,466","314,838.00",0.03,0.01,0.00,0.00,40.00,"123,726",0.00,
"100,936",World,OWID_WRL,2020-12-16,"1,776,946","263,820","7,442",0,"353,278","263,326.00",0.02,0.00,0.00,0.00,33.00,"73,308",0.00,
"100,935",World,OWID_WRL,2020-12-15,"1,614,524","106,619","6,988",0,"48,865","27,098.00",0.02,0.00,0.00,0.00,3.00,"25,933",0.00,
"100,934",World,OWID_WRL,2020-12-14,"37,156","31,421","6,721",0,"4,609","4,610.00",0.00,0.00,0.00,0.00,1.00,"4,449",0.00,
"100,933",World,OWID_WRL,2020-12-13,"32,542","26,968","6,592",0,0,1.00,0.00,0.00,0.00,0.00,0.00,1,0.00,
"100,932",World,OWID_WRL,2020-12-12,16,16,0,0,0,1.00,0.00,0.00,0.00,0.00,0.00,1,0.00,
"100,931",World,OWID_WRL,2020-12-11,16,16,0,0,4,1.00,0.00,0.00,0.00,0.00,0.00,1,0.00,
"100,930",World,OWID_WRL,2020-12-10,11,11,0,0,1,1.00,0.00,0.00,0.00,0.00,0.00,1,0.00,
"100,929",World,OWID_WRL,2020-12-09,10,10,0,0,1,1.00,0.00,0.00,0.00,0.00,0.00,1,0.00,
"100,928",World,OWID_WRL,2020-12-08,8,8,0,0,1,1.00,0.00,0.00,0.00,0.00,0.00,1,0.00,
"100,927",World,OWID_WRL,2020-12-07,2,2,0,0,1,1.00,0.00,0.00,0.00,0.00,0.00,1,0.00,
"100,926",World,OWID_WRL,2020-12-06,1,1,0,0,1,1.00,0.00,0.00,0.00,0.00,0.00,1,0.00,
"100,925",World,OWID_WRL,2020-12-05,1,1,0,0,1,1.00,0.00,0.00,0.00,0.00,0.00,1,0.00,
"100,924",World,OWID_WRL,2020-12-04,1,1,0,0,1,1.00,0.00,0.00,0.00,0.00,0.00,1,0.00,
"100,923",World,OWID_WRL,2020-12-03,0,0,0,0,1,1.00,0.00,0.00,0.00,0.00,0.00,1,0.00,
"100,922",World,OWID_WRL,2020-12-02,0,0,0,0,0,0.00,0.00,0.00,0.00,0.00,0.00,0,0.00,